1:33,0,23,15,377,5,357,0,0.95
1:35,0,28,21,517,6.9,490,0,0.95
1:37,0,27,20,463,6.2,444,0,0.96
1:40,0,25,15,386,5.1,364,0,0.94
1:42,0,26,19,563,7.5,510,0,0.9
1:44,0,25,18,567,7.6,507,0,0.89
1:46,0,27,20,569,7.6,518,0,0.91
1:49,0,24,19,612,8.2,549,0,0.9
1:51,0,25,18,513,6.8,464,0,0.91
1:54,0,27,20,604,8,534,0,0.88
1:56,0,25,18,547,7.3,492,0,0.9
1:58,0,26,22,721,9.6,638,0,0.89
2:01,0,25,18,528,7,470,0,0.89
2:03,0,25,21,603,8,544,0,0.9
2:06,0,24,20,654,8.7,593,0,0.91
2:08,0,23,20,621,8.3,566,0,0.91
2:11,0,24,20,599,8,551,0,0.92
2:13,0,24,23,704,9.4,641,0,0.91
2:16,0,22,21,639,8.5,597,0,0.93
2:18,0,23,20,593,7.9,563,0,0.95
2:21,0,24,22,632,8.4,609,0,0.96
2:23,0,24,20,546,7.3,530,0,0.97
2:26,0,23,21,626,8.3,600,0,0.96
2:29,0,22,21,628,8.4,598,0,0.95
2:31,0,23,18,531,7.1,508,0,0.96
2:34,0,24,19,544,7.3,511,0,0.94
2:36,0,24,22,685,9.1,638,0,0.93
2:39,0,23,21,652,8.7,592,0,0.91
2:41,0,23,21,640,8.5,588,0,0.92
2:44,0,24,23,681,9.1,627,0,0.92
2:46,0,23,19,573,7.6,531,0,0.93
2:49,0,25,21,621,8.3,578,0,0.93
2:51,0,26,21,594,7.9,544,0,0.92
2:54,0,23,21,634,8.5,587,0,0.93
2:56,0,23,21,652,8.7,599,0,0.92
2:59,0,24,19,532,7.1,504,0,0.95
3:01,0,25,15,328,4.4,306,0,0.93
3:05,0,17,23,830,11.1,759,0,0.91
3:10,0,11,29,865,11.5,899,0,1.04
3:14,0,15,20,569,7.6,588,0,1.03
3:17,0,22,15,398,5.3,381,0,0.96
3:20,0,20,14,430,5.7,388,0,0.9
3:23,0,22,18,564,7.5,493,0,0.87
3:25,0,24,19,612,8.2,533,0,0.87
3:28,0,23,20,644,8.6,557,0,0.86
3:30,0,24,19,590,7.9,524,0,0.89
3:33,0,18,26,777,10.4,720,0,0.93
3:36,0,21,18,546,7.3,496,0,0.91
3:39,0,25,19,570,7.6,516,0,0.9
3:41,0,22,19,692,9.2,600,0,0.87
3:44,0,23,19,601,8,530,0,0.88
3:46,0,25,19,594,7.9,534,0,0.9
3:49,0,24,22,715,9.5,622,0,0.87
3:51,0,24,20,666,8.9,585,0,0.88
3:54,0,24,21,663,8.8,599,0,0.9
3:56,0,24,20,594,7.9,531,0,0.89
3:59,0,23,20,645,8.6,594,0,0.92
4:02,0,23,18,592,7.9,538,0,0.91
4:04,0,22,19,611,8.1,548,0,0.9
4:07,0,26,20,634,8.4,565,0,0.89
4:09,0,25,18,591,7.9,528,0,0.89
4:12,0,19,19,646,8.6,578,0,0.89
4:17,0,13,30,931,12.4,952,0,1.02
4:20,0,22,16,448,6,437,0,0.97
4:23,0,22,16,476,6.3,451,0,0.95
4:26,0,19,16,541,7.2,500,0,0.92
4:28,0,24,19,574,7.7,511,0,0.89
4:31,0,23,21,684,9.1,613,0,0.9
4:33,0,22,21,706,9.4,632,0,0.89
4:36,0,23,20,664,8.9,590,0,0.89
4:39,0,23,20,669,8.9,604,0,0.9
4:41,0,23,21,622,8.3,566,0,0.91
4:44,0,25,23,702,9.4,643,0,0.92
4:46,0,23,22,665,8.9,631,0,0.95
4:49,0,22,21,640,8.5,603,0,0.94
4:52,0,23,22,666,8.9,628,0,0.94
4:54,0,23,20,615,8.2,581,0,0.94
4:57,0,24,21,572,7.6,563,0,0.98
4:59,0,24,20,593,7.9,566,0,0.95
5:02,0,24,22,658,8.8,628,0,0.95
5:04,0,23,18,505,6.7,481,0,0.95
5:07,0,25,19,525,7,491,0,0.93
5:10,0,22,19,645,8.6,575,0,0.89
5:12,0,22,19,591,7.9,544,0,0.92
5:15,0,23,19,596,8,548,0,0.92
5:18,0,20,21,658,8.8,616,0,0.94
5:21,0,23,19,620,8.3,579,0,0.93
5:23,0,23,20,615,8.2,555,0,0.9
5:28,0,12,31,852,11.4,917,0,1.08
5:31,0,21,14,339,4.5,341,0,1.01
5:34,0,23,15,388,5.2,380,0,0.98
5:36,0,23,15,402,5.4,372,0,0.93
5:39,0,25,18,588,7.8,519,0,0.88
5:41,0,23,20,661,8.8,588,0,0.89
5:44,0,21,18,599,8,532,0,0.89
5:47,0,24,20,640,8.5,578,0,0.9
5:49,0,25,20,618,8.2,565,0,0.91
5:52,0,24,22,649,8.7,596,0,0.92
5:54,0,22,21,674,9,615,0,0.91
5:57,0,23,21,639,8.5,590,0,0.92
6:00,0,22,20,635,8.5,583,0,0.92
6:02,0,23,21,619,8.2,582,0,0.94
6:05,0,26,19,523,7,489,0,0.94
6:07,0,23,22,652,8.7,608,0,0.93
6:10,0,26,20,577,7.7,538,0,0.93
6:12,0,23,22,726,9.7,661,0,0.91
6:15,0,21,20,612,8.2,576,0,0.94
6:18,0,23,20,595,7.9,566,0,0.95
6:21,0,21,21,639,8.5,619,0,0.97
6:23,0,25,10,155,2.1,154,0,1
6:27,0,15,23,869,11.6,814,0,0.94
6:30,0,21,21,657,8.8,616,0,0.94
6:33,0,19,19,629,8.4,579,0,0.92
6:38,0,13,27,800,10.7,838,0,1.05
6:43,0,11,24,693,9.2,752,0,1.09
6:46,0,22,11,255,3.4,253,0,0.99
6:49,0,20,17,526,7,498,0,0.95
6:52,0,20,16,515,6.9,467,0,0.91
6:54,0,22,21,672,9,616,0,0.92
6:57,0,21,19,649,8.7,585,0,0.9
7:00,0,22,20,650,8.7,589,0,0.91
7:03,0,22,21,670,8.9,632,0,0.94
7:06,0,23,19,585,7.8,538,0,0.92
7:08,0,23,21,703,9.4,641,0,0.91
7:11,0,20,19,621,8.3,573,0,0.92
7:14,0,24,22,706,9.4,642,0,0.91
7:16,0,22,21,686,9.2,646,0,0.94
7:19,0,22,20,607,8.1,569,0,0.94
7:22,0,22,21,685,9.1,644,0,0.94
7:24,0,23,21,634,8.5,602,0,0.95
7:27,0,24,23,652,8.7,615,0,0.94
7:30,0,20,23,715,9.5,692,0,0.97
7:33,0,18,19,523,7,526,0,1.01
7:36,0,26,20,584,7.8,575,0,0.99
7:38,0,24,22,688,9.2,648,0,0.94
7:40,0,25,22,705,9.4,664,0,0.94
7:43,0,25,22,633,8.4,611,0,0.97
7:45,0,24,23,676,9,690,0,1.02
7:48,0,24,25,770,10.3,739,0,0.96
7:51,0,23,20,591,7.9,583,0,0.99
7:53,0,25,24,730,9.7,710,0,0.97
7:55,0,24,20,574,7.7,559,0,0.97
7:58,0,25,23,698,9.3,683,0,0.98
8:00,0,23,22,692,9.2,663,0,0.96
8:03,0,24,21,606,8.1,580,0,0.96
8:05,0,24,21,629,8.4,601,0,0.96
8:08,0,23,22,679,9,651,0,0.96
8:11,0,23,22,694,9.2,673,0,0.97
8:13,0,24,23,684,9.1,654,0,0.96
8:16,0,24,24,740,9.9,711,0,0.96
8:18,0,25,23,715,9.5,679,0,0.95
8:21,0,24,23,702,9.4,680,0,0.97
8:23,0,24,22,667,8.9,649,0,0.97
8:26,0,23,21,615,8.2,604,0,0.98
8:28,0,24,22,648,8.6,636,0,0.98
8:31,0,21,18,560,7.5,543,0,0.97
8:33,0,25,13,287,3.8,272,0,0.95
8:37,0,19,27,1026,13.7,954,0,0.93
8:39,0,24,23,753,10,701,0,0.93
8:42,0,23,23,715,9.5,684,0,0.96
8:47,0,11,30,894,11.9,954,0,1.07
8:50,0,24,18,467,6.2,484,0,1.04
8:52,0,24,15,416,5.6,404,0,0.97
8:55,0,25,21,667,8.9,622,0,0.93
8:57,0,25,22,718,9.6,650,0,0.9
9:00,0,24,24,804,10.7,732,0,0.91
9:02,0,24,22,705,9.4,652,0,0.92
9:04,0,25,23,730,9.7,686,0,0.94
9:07,0,24,22,699,9.3,662,0,0.95
9:09,0,25,23,721,9.6,679,0,0.94
9:12,0,26,24,722,9.6,689,0,0.95
9:14,0,25,22,640,8.5,612,0,0.96
9:16,0,25,21,642,8.6,615,0,0.96
9:19,0,27,24,747,10,708,0,0.95
9:21,0,26,23,699,9.3,655,0,0.94
9:24,0,24,22,671,8.9,639,0,0.95
9:26,0,24,22,700,9.3,661,0,0.94
9:29,0,25,22,679,9,637,0,0.94
9:31,0,24,21,623,8.3,596,0,0.96
9:34,0,24,22,695,9.3,656,0,0.94
9:36,0,24,23,654,8.7,619,0,0.95
9:38,0,27,23,709,9.5,660,0,0.93
9:41,0,25,23,704,9.4,658,0,0.94
9:43,0,24,23,730,9.7,691,0,0.95
9:46,0,23,23,711,9.5,684,0,0.96
9:48,0,26,25,749,10,720,0,0.96
9:50,0,25,23,722,9.6,692,0,0.96
9:53,0,25,24,709,9.5,696,0,0.98
9:55,0,25,24,753,10,736,0,0.98
9:58,0,24,24,698,9.3,684,0,0.98
10:00,0,24,22,654,8.7,646,0,0.99
10:03,0,24,22,638,8.5,633,0,0.99
10:05,0,24,23,717,9.6,695,0,0.97
10:08,0,24,23,714,9.5,689,0,0.97
10:10,0,24,23,672,9,663,0,0.99
10:13,0,24,22,641,8.5,625,0,0.98
10:15,0,24,24,709,9.5,694,0,0.98
10:18,0,24,23,687,9.2,675,0,0.98
10:20,0,24,23,679,9.1,668,0,0.98
10:22,0,26,21,607,8.1,592,0,0.98
10:25,0,25,21,621,8.3,605,0,0.98
10:27,0,25,22,618,8.2,600,0,0.97
10:29,0,26,22,653,8.7,630,0,0.96
10:32,0,26,23,739,9.9,701,0,0.95
10:34,0,24,23,720,9.6,684,0,0.95
10:37,0,25,23,722,9.6,694,0,0.96
10:39,0,25,22,635,8.5,611,0,0.96
10:42,0,24,23,717,9.6,696,0,0.97
10:44,0,25,23,662,8.8,642,0,0.97
10:46,0,25,22,609,8.1,591,0,0.97
10:49,0,27,25,718,9.6,694,0,0.97
10:51,0,25,24,729,9.7,695,0,0.95
10:53,0,25,23,695,9.3,669,0,0.96
10:56,0,24,23,706,9.4,690,0,0.98
10:59,0,24,21,634,8.4,621,0,0.98
11:01,0,24,23,694,9.3,675,0,0.97
11:04,0,24,24,743,9.9,732,0,0.99
11:06,0,24,23,719,9.6,705,0,0.98
11:08,0,25,23,659,8.8,652,0,0.99
11:11,0,25,26,803,10.7,790,0,0.98
11:13,0,26,21,579,7.7,579,0,1
11:16,0,23,22,638,8.5,637,0,1
11:18,0,25,23,644,8.6,641,0,0.99
11:21,0,23,22,667,8.9,669,0,1
11:23,0,25,22,641,8.5,631,0,0.98
11:26,0,25,24,728,9.7,722,0,0.99
11:28,0,25,22,617,8.2,607,0,0.99
11:30,0,27,21,612,8.2,595,0,0.97
11:33,0,23,24,747,10,730,0,0.98
11:35,0,25,22,650,8.7,637,0,0.98
11:38,0,23,24,730,9.7,710,0,0.97
11:40,0,24,22,674,9,658,0,0.98
11:43,0,24,24,756,10.1,735,0,0.97
11:45,0,25,23,701,9.4,689,0,0.98
11:48,0,24,24,755,10.1,727,0,0.96
11:50,0,24,22,656,8.7,647,0,0.99
11:53,0,25,24,687,9.2,668,0,0.97
11:55,0,25,22,658,8.8,633,0,0.96
11:57,0,25,23,684,9.1,663,0,0.97
12:00,0,24,23,713,9.5,713,0,1
12:02,0,24,23,676,9,671,0,0.99
12:05,0,24,24,747,10,730,0,0.98
12:07,0,24,23,633,8.4,631,0,1
12:10,0,24,24,711,9.5,705,0,0.99
12:12,0,24,23,647,8.6,648,0,1
12:15,0,24,23,677,9,678,0,1
12:17,0,24,23,647,8.6,651,0,1.01
12:20,0,24,23,677,9,681,0,1.01
12:22,0,25,23,643,8.6,651,0,1.01
12:24,0,26,22,618,8.2,627,0,1.02
12:27,0,21,14,335,4.5,346,0,1.03
12:31,0,18,25,904,12.1,878,0,0.97
12:33,0,24,23,718,9.6,701,0,0.98
12:36,0,26,24,767,10.2,739,0,0.96
12:38,0,24,23,705,9.4,696,0,0.99
12:41,0,24,25,753,10,740,0,0.98
12:43,0,24,23,680,9.1,673,0,0.99
12:45,0,25,24,703,9.4,701,0,1
12:48,0,24,22,641,8.6,637,0,0.99
12:50,0,24,23,671,9,671,0,1
12:53,0,25,22,645,8.6,633,0,0.98
12:55,0,25,23,705,9.4,699,0,0.99
12:58,0,24,25,786,10.5,767,0,0.98
13:00,0,24,23,651,8.7,653,0,1
13:03,0,23,23,709,9.5,715,0,1.01
13:06,0,22,24,705,9.4,718,0,1.02
13:08,0,26,24,636,8.5,656,0,1.03
13:10,0,26,23,648,8.6,653,0,1.01
13:13,0,25,23,670,8.9,679,0,1.01
13:15,0,24,22,632,8.4,634,0,1
13:17,0,25,23,678,9,670,0,0.99
13:20,0,24,23,683,9.1,674,0,0.99
13:22,0,25,23,670,8.9,678,0,1.01
13:25,0,24,24,708,9.4,719,0,1.02
13:27,0,24,23,653,8.7,661,0,1.01
13:30,0,24,21,605,8.1,612,0,1.01
13:32,0,24,23,676,9,676,0,1
13:35,0,25,23,652,8.7,646,0,0.99
13:37,0,27,23,677,9,659,0,0.97
13:39,0,29,23,647,8.6,650,0,1
13:41,0,24,25,728,9.7,721,0,0.99
13:44,0,26,23,665,8.9,659,0,0.99
13:46,0,27,25,681,9.1,675,0,0.99
13:48,0,26,25,750,10,738,0,0.98
13:50,0,26,25,743,9.9,742,0,1
13:53,0,25,24,730,9.7,719,0,0.98
13:55,0,23,24,723,9.6,729,0,1.01
13:58,0,23,26,738,9.8,753,0,1.02
14:00,0,25,24,664,8.9,681,0,1.03
14:03,0,27,25,708,9.4,726,0,1.03
14:06,0,19,26,710,9.5,757,0,1.07
14:08,0,24,23,629,8.4,656,0,1.04
14:11,0,25,21,557,7.4,579,0,1.04
14:13,0,27,23,657,8.8,668,0,1.02
14:16,0,24,24,728,9.7,724,0,0.99
14:18,0,24,22,630,8.4,634,0,1.01
14:21,0,22,26,780,10.4,799,0,1.02
14:23,0,24,22,656,8.7,656,0,1
14:26,0,25,22,638,8.5,639,0,1
14:28,0,26,22,614,8.2,613,0,1
14:30,0,25,24,731,9.8,727,0,0.99
14:33,0,23,25,751,10,762,0,1.02
14:36,0,23,23,661,8.8,669,0,1.01
14:38,0,24,22,650,8.7,655,0,1.01
14:41,0,25,22,643,8.6,647,0,1.01
14:46,0,12,33,792,10.6,925,0,1.17
14:48,0,25,18,408,5.4,453,0,1.11
14:50,0,27,20,501,6.7,531,0,1.06
14:53,0,26,19,493,6.6,496,0,1.01
14:55,0,26,22,613,8.2,596,0,0.97
14:57,0,23,21,652,8.7,629,0,0.97
15:01,0,15,24,831,11.1,829,0,1
15:04,0,19,11,319,4.3,293,0,0.92
15:09,0,14,25,879,11.7,860,0,0.98
15:11,0,25,13,355,4.7,327,0,0.92
15:16,0,12,28,912,12.2,936,0,1.03
15:18,0,24,14,348,4.6,338,0,0.97
15:21,0,23,20,651,8.7,625,0,0.96
15:24,0,23,20,620,8.3,598,0,0.96
15:27,0,19,20,671,8.9,646,0,0.96
15:29,0,24,22,710,9.5,685,0,0.96
15:33,0,15,28,862,11.5,906,0,1.05
15:37,0,15,25,747,10,813,0,1.09
15:40,0,23,11,256,3.4,257,0,1
15:45,0,11,20,685,9.1,695,0,1.01
15:48,0,25,17,449,6,447,0,0.99
15:50,0,23,19,586,7.8,548,0,0.93
15:53,0,22,22,710,9.5,690,0,0.97
15:55,0,26,25,777,10.4,741,0,0.95
15:59,0,17,20,683,9.1,668,0,0.98
16:01,0,23,21,637,8.5,640,0,1
16:04,0,26,24,719,9.6,703,0,0.98
16:06,0,23,23,724,9.7,708,0,0.98
16:09,0,23,22,687,9.2,674,0,0.98
16:11,0,23,23,693,9.2,699,0,1.01
16:14,0,25,22,612,8.2,620,0,1.01
16:16,0,26,24,676,9,688,0,1.02
16:19,0,24,23,665,8.9,679,0,1.02
16:21,0,25,23,656,8.8,662,0,1.01
16:24,0,24,23,678,9,692,0,1.02
16:26,0,27,24,667,8.9,683,0,1.02
16:28,0,24,23,703,9.4,719,0,1.02
16:31,0,24,23,694,9.3,703,0,1.01
16:33,0,26,24,670,8.9,689,0,1.03
16:35,0,25,24,716,9.5,722,0,1.01
16:38,0,26,22,616,8.2,637,0,1.03
16:40,0,27,24,661,8.8,674,0,1.02
16:42,0,24,25,754,10,762,0,1.01
16:45,0,27,24,667,8.9,683,0,1.02
16:47,0,24,23,664,8.8,692,0,1.04
16:49,0,30,8,38,0.5,49,0,1.31
16:53,0,17,27,909,12.1,911,0,1
16:55,0,24,24,742,9.9,746,0,1.01
16:57,0,25,24,706,9.4,717,0,1.02
17:00,0,26,22,608,8.1,615,0,1.01
17:02,0,26,23,703,9.4,697,0,0.99
17:05,0,24,24,721,9.6,725,0,1.01
17:07,0,25,22,656,8.7,663,0,1.01
17:10,0,20,23,692,9.2,726,0,1.05
17:13,0,25,25,743,9.9,782,0,1.05
17:15,0,26,23,645,8.6,670,0,1.04
17:17,0,25,22,626,8.3,654,0,1.04
17:20,0,24,24,666,8.9,694,0,1.04
17:22,0,24,25,705,9.4,739,0,1.05
17:25,0,24,24,682,9.1,708,0,1.04
17:27,0,24,22,636,8.5,655,0,1.03
17:30,0,26,25,690,9.2,708,0,1.03
17:32,0,24,23,690,9.2,722,0,1.05
17:35,0,23,23,671,9,721,0,1.07
17:39,0,16,25,745,9.9,827,0,1.11
17:41,0,23,23,636,8.5,700,0,1.1
17:44,0,23,22,618,8.2,666,0,1.08
17:46,0,23,21,595,7.9,637,0,1.07
17:49,0,24,23,677,9,712,0,1.05
17:51,0,24,22,620,8.3,651,0,1.05
17:54,0,23,20,596,7.9,627,0,1.05
17:57,0,24,22,620,8.3,656,0,1.06
17:59,0,23,22,634,8.4,664,0,1.05
18:01,0,26,23,622,8.3,665,0,1.07
18:04,0,24,24,683,9.1,721,0,1.06
18:06,0,24,23,668,8.9,693,0,1.04
18:09,0,24,22,614,8.2,654,0,1.07
18:11,0,25,22,592,7.9,627,0,1.06
18:14,0,24,24,675,9,706,0,1.05
18:16,0,23,25,721,9.6,762,0,1.06
18:19,0,23,22,617,8.2,658,0,1.07
18:22,0,23,24,692,9.2,740,0,1.07
18:24,0,23,23,630,8.4,676,0,1.07
18:27,0,23,23,652,8.7,692,0,1.06
18:29,0,23,22,629,8.4,675,0,1.07
18:32,0,23,23,638,8.5,686,0,1.08
18:35,0,23,23,644,8.6,684,0,1.06
18:37,0,24,23,638,8.5,672,0,1.05
18:40,0,22,23,663,8.8,715,0,1.08
18:43,0,23,21,565,7.5,611,0,1.08
18:45,0,24,22,621,8.3,656,0,1.06
18:48,0,24,21,592,7.9,622,0,1.05
18:50,0,25,15,302,4,324,0,1.07
18:54,0,17,25,810,10.8,838,0,1.04
18:56,0,24,24,704,9.4,724,0,1.03
18:59,0,23,21,605,8.1,622,0,1.03
19:01,0,24,23,659,8.8,673,0,1.02
19:04,0,26,23,625,8.3,645,0,1.03
19:06,0,22,23,698,9.3,708,0,1.01
19:09,0,24,23,659,8.8,677,0,1.03
19:11,0,24,23,664,8.9,694,0,1.04
19:14,0,23,23,666,8.9,686,0,1.03
19:16,0,23,23,667,8.9,690,0,1.03
19:19,0,22,22,627,8.4,658,0,1.05
19:22,0,24,22,613,8.2,637,0,1.04
19:24,0,26,23,627,8.4,653,0,1.04
19:26,0,25,23,658,8.8,679,0,1.03
19:28,0,28,24,660,8.8,688,0,1.04
19:31,0,23,23,664,8.9,705,0,1.06
19:34,0,24,23,655,8.7,679,0,1.04
19:36,0,25,21,592,7.9,615,0,1.04
19:38,0,27,24,621,8.3,655,0,1.06
19:41,0,23,24,698,9.3,734,0,1.05
19:43,0,28,22,546,7.3,565,0,1.03
19:45,0,24,22,618,8.2,643,0,1.04
19:48,0,24,24,675,9,706,0,1.05
19:50,0,25,22,625,8.3,640,0,1.02
19:53,0,26,20,522,7,547,0,1.05
19:55,0,24,23,666,8.9,683,0,1.03
19:58,0,22,23,699,9.3,711,0,1.02
20:00,0,25,22,611,8.1,630,0,1.03
20:03,0,25,23,687,9.2,696,0,1.01
20:05,0,24,22,635,8.5,644,0,1.01
20:08,0,22,25,715,9.5,735,0,1.03
20:10,0,23,22,640,8.5,661,0,1.03
20:13,0,25,23,651,8.7,669,0,1.03
20:15,0,25,23,648,8.6,666,0,1.03
20:18,0,25,23,651,8.7,665,0,1.02
20:20,0,26,23,641,8.6,633,0,0.99
20:22,0,24,22,672,9,662,0,0.99
20:25,0,25,21,613,8.2,607,0,0.99
20:27,0,28,23,674,9,675,0,1
20:30,0,22,23,678,9,684,0,1.01
20:32,0,25,23,656,8.7,655,0,1
20:35,0,24,24,686,9.2,689,0,1
20:37,0,25,22,653,8.7,648,0,0.99
20:40,0,26,22,646,8.6,645,0,1
20:42,0,25,26,784,10.5,786,0,1
20:45,0,23,24,720,9.6,736,0,1.02
20:47,0,24,24,743,9.9,760,0,1.02
20:50,0,24,22,639,8.5,650,0,1.02
20:52,0,25,23,639,8.5,663,0,1.04
20:54,0,25,23,663,8.8,667,0,1.01
20:57,0,23,24,727,9.7,752,0,1.03
20:59,0,23,23,664,8.9,677,0,1.02
21:02,0,25,23,648,8.6,663,0,1.02
21:04,0,27,24,690,9.2,691,0,1
21:07,0,23,25,739,9.9,745,0,1.01
21:09,0,25,23,672,9,683,0,1.02
21:12,0,25,22,625,8.3,639,0,1.02
21:14,0,24,25,734,9.8,738,0,1
21:16,0,25,23,657,8.8,662,0,1.01
21:19,0,24,24,702,9.4,718,0,1.02
21:21,0,24,21,578,7.7,587,0,1.02
21:24,0,24,23,695,9.3,712,0,1.02
21:27,0,19,24,711,9.5,736,0,1.04
21:30,0,25,14,257,3.4,275,0,1.07
21:34,0,14,26,891,11.9,924,0,1.04
21:37,0,21,22,673,9,711,0,1.06
21:39,0,24,24,705,9.4,725,0,1.03
21:42,0,23,23,709,9.5,730,0,1.03
21:44,0,24,23,653,8.7,676,0,1.04
21:47,0,23,22,647,8.6,672,0,1.04
21:50,0,22,25,728,9.7,774,0,1.06
21:52,0,23,24,695,9.3,730,0,1.05
21:55,0,24,22,603,8,645,0,1.07
21:57,0,23,22,610,8.1,648,0,1.06
22:00,0,22,22,618,8.2,653,0,1.06
22:03,0,23,21,614,8.2,644,0,1.05
22:05,0,23,23,669,8.9,694,0,1.04
22:08,0,24,23,665,8.9,689,0,1.04
22:10,0,23,22,628,8.4,658,0,1.05
22:13,0,27,24,648,8.6,683,0,1.05
22:15,0,24,17,407,5.4,425,0,1.04
22:17,0,26,28,859,11.4,863,0,1.01
22:20,0,24,24,706,9.4,713,0,1.01
22:22,0,26,23,618,8.2,629,0,1.02
22:25,0,24,24,709,9.5,712,0,1
22:27,0,25,24,704,9.4,718,0,1.02
22:29,0,27,23,657,8.8,672,0,1.02
22:32,0,25,25,694,9.3,722,0,1.04
22:34,0,27,26,722,9.6,754,0,1.04
22:37,0,24,26,752,10,785,0,1.04
22:39,0,24,24,664,8.9,704,0,1.06
22:42,0,24,22,590,7.9,637,0,1.08
22:44,0,24,25,695,9.3,739,0,1.06
22:47,0,21,27,769,10.3,834,0,1.08
22:50,0,23,24,682,9.1,738,0,1.08
22:52,0,23,24,653,8.7,701,0,1.07
22:55,0,23,24,678,9,718,0,1.06
22:57,0,23,23,662,8.8,709,0,1.07
23:00,0,23,23,680,9.1,722,0,1.06
23:03,0,23,24,684,9.1,728,0,1.06
23:05,0,23,25,690,9.2,749,0,1.09
23:08,0,23,22,603,8,656,0,1.09
23:13,0,12,32,775,10.3,953,0,1.23
23:16,0,23,19,475,6.3,547,0,1.15
23:18,0,23,17,457,6.1,487,0,1.07
23:21,0,23,19,551,7.3,568,0,1.03
23:23,0,28,12,335,4.5,334,0,1
23:26,0,23,23,753,10,705,0,0.94
23:28,0,25,22,678,9,651,0,0.96
23:31,0,24,24,743,9.9,719,0,0.97
23:33,0,25,23,694,9.3,680,0,0.98
23:35,0,24,22,628,8.4,628,0,1
23:38,0,25,22,581,7.7,586,0,1.01
23:40,0,23,24,704,9.4,725,0,1.03
23:43,0,24,23,720,9.6,727,0,1.01
23:45,0,25,22,660,8.8,668,0,1.01
23:48,0,23,20,565,7.5,577,0,1.02
23:51,0,23,22,651,8.7,663,0,1.02
23:53,0,25,22,618,8.2,617,0,1
23:55,0,26,23,651,8.7,648,0,1
23:58,0,25,22,657,8.8,651,0,0.99
24:00:00,0,27,24,689,9.2,684,0,0.99
24:02:00,0,24,23,676,9,678,0,1
24:05:00,0,24,22,647,8.6,640,0,0.99
24:08:00,0,23,21,614,8.2,611,0,0.99
24:10:00,0,24,22,644,8.6,634,0,0.99
24:12:00,0,27,24,640,8.5,646,0,1.01
24:15:00,0,26,23,687,9.2,679,0,0.99
24:17:00,0,24,22,639,8.5,640,0,1
24:20:00,0,23,23,605,8.1,604,0,1
24:22:00,0,25,24,701,9.3,705,0,1.01
24:25:00,0,24,23,707,9.4,704,0,1
24:27:00,0,26,22,611,8.1,614,0,1.01
24:29:00,0,25,22,639,8.5,638,0,1
24:32:00,0,23,22,628,8.4,632,0,1.01
24:34:00,0,25,23,679,9.1,683,0,1.01
24:37:00,0,25,22,609,8.1,608,0,1
24:39:00,0,25,25,652,8.7,650,0,1
24:42:00,0,18,27,823,11,852,0,1.04
24:45:00,0,25,21,585,7.8,597,0,1.02
24:47:00,0,25,21,554,7.4,568,0,1.02
24:50:00,0,25,22,624,8.3,638,0,1.02
24:52:00,0,26,22,625,8.3,622,0,1
24:54:00,0,24,23,709,9.5,708,0,1
24:57:00,0,25,22,646,8.6,650,0,1.01
24:59:00,0,25,23,658,8.8,664,0,1.01
25:02:00,0,25,24,648,8.6,659,0,1.02
25:04:00,0,25,24,724,9.7,725,0,1
25:06:00,0,25,24,691,9.2,701,0,1.01
25:09:00,0,27,23,633,8.4,640,0,1.01
25:11:00,0,24,23,690,9.2,698,0,1.01
25:13:00,0,28,24,658,8.8,660,0,1
25:16:00,0,27,25,733,9.8,722,0,0.99
25:18:00,0,22,19,509,6.8,514,0,1.01
25:21:00,0,24,24,789,10.5,772,0,0.98
25:23:00,0,22,22,689,9.2,681,0,0.99
25:26:00,0,23,24,783,10.4,766,0,0.98
25:29:00,0,23,25,806,10.7,782,0,0.97
25:31:00,0,23,25,775,10.3,771,0,1
25:34:00,0,24,24,702,9.4,708,0,1.01
25:36:00,0,22,24,699,9.3,717,0,1.03
25:39:00,0,24,25,734,9.8,757,0,1.03
25:41:00,0,25,23,623,8.3,646,0,1.04
25:44:00,0,26,25,639,8.5,646,0,1.01
25:46:00,0,24,24,687,9.2,705,0,1.03
25:48:00,0,25,24,684,9.1,701,0,1.02
25:51:00,0,26,25,655,8.7,690,0,1.05
25:53:00,0,25,23,625,8.3,653,0,1.05
25:56:00,0,25,24,655,8.7,692,0,1.06
25:58:00,0,26,24,687,9.2,701,0,1.02
26:00:00,0,25,24,678,9,705,0,1.04
26:03:00,0,26,24,658,8.8,680,0,1.03
26:05:00,0,25,27,757,10.1,775,0,1.02
26:07:00,0,26,24,646,8.6,676,0,1.05
26:10:00,0,27,27,737,9.8,775,0,1.05
26:12:00,0,24,23,615,8.2,647,0,1.05
26:14:00,0,26,24,650,8.7,686,0,1.05
26:17:00,0,26,25,662,8.8,706,0,1.07
26:19:00,0,24,22,613,8.2,653,0,1.06
26:22:00,0,24,27,745,9.9,791,0,1.06
26:24:00,0,25,24,632,8.4,680,0,1.08
26:27:00,0,24,24,642,8.6,692,0,1.08
26:29:00,0,26,24,587,7.8,612,0,1.04
26:32:00,0,24,25,724,9.7,758,0,1.05
26:34:00,0,23,22,639,8.5,666,0,1.04
26:37:00,0,23,22,608,8.1,637,0,1.05
26:39:00,0,24,26,760,10.1,791,0,1.04
26:42:00,0,24,22,616,8.2,650,0,1.05
26:45:00,0,21,27,818,10.9,864,0,1.06
26:47:00,0,23,23,635,8.5,669,0,1.05
26:50:00,0,24,23,647,8.6,677,0,1.05
26:52:00,0,22,24,668,8.9,711,0,1.06
26:55:00,0,23,22,626,8.3,663,0,1.06
26:57:00,0,24,23,639,8.5,669,0,1.05
27:00:00,0,25,22,580,7.7,610,0,1.05
27:02:00,0,27,24,627,8.4,658,0,1.05
27:04:00,0,29,25,680,9.1,694,0,1.02
27:07:00,0,25,25,744,9.9,756,0,1.02
27:09:00,0,24,20,522,7,539,0,1.03
27:11:00,0,26,24,674,9,692,0,1.03
27:14:00,0,24,24,662,8.8,677,0,1.02
27:16:00,0,25,23,658,8.8,674,0,1.02
27:19:00,0,20,23,676,9,700,0,1.04
27:22:00,0,27,24,683,9.1,701,0,1.03
27:24:00,0,24,22,635,8.5,656,0,1.03
27:29:00,0,12,33,850,11.3,997,0,1.17
27:31:00,0,27,12,188,2.5,220,0,1.17
27:35:00,0,16,19,644,8.6,647,0,1
27:37:00,0,24,22,681,9.1,653,0,0.96
27:40:00,0,24,21,662,8.8,628,0,0.95
27:42:00,0,24,24,747,10,724,0,0.97
27:45:00,0,24,22,618,8.2,612,0,0.99
27:47:00,0,27,24,676,9,665,0,0.98
27:49:00,0,26,23,682,9.1,647,0,0.95
27:52:00,0,27,24,709,9.5,675,0,0.95
27:54:00,0,23,25,754,10.1,732,0,0.97
27:57:00,0,24,24,691,9.2,681,0,0.99
27:59:00,0,26,22,611,8.1,608,0,1
28:01:00,0,27,19,577,7.7,572,0,0.99
28:03:00,0,28,24,689,9.2,675,0,0.98
28:06:00,0,26,26,769,10.3,760,0,0.99
28:08:00,0,24,23,645,8.6,640,0,0.99
28:10:00,0,27,24,673,9,670,0,1
28:13:00,0,26,22,615,8.2,617,0,1
28:15:00,0,24,21,613,8.2,617,0,1.01
28:18:00,0,24,24,742,9.9,743,0,1
28:20:00,0,24,21,632,8.4,617,0,0.98
28:22:00,0,26,24,673,9,677,0,1.01
28:25:00,0,24,25,716,9.5,700,0,0.98
28:27:00,0,24,23,640,8.5,636,0,0.99
28:30:00,0,26,22,596,7.9,597,0,1
28:33:00,0,20,25,741,9.9,740,0,1
28:36:00,0,16,26,777,10.4,825,0,1.06
28:39:00,0,26,19,511,6.8,513,0,1
28:41:00,0,27,23,597,8,589,0,0.99
28:43:00,0,25,20,585,7.8,571,0,0.97
28:46:00,0,27,23,692,9.2,666,0,0.96
28:48:00,0,24,24,759,10.1,732,0,0.96
28:50:00,0,27,23,689,9.2,661,0,0.96
28:53:00,0,26,25,732,9.8,711,0,0.97
28:55:00,0,26,23,653,8.7,630,0,0.97
28:57:00,0,27,24,696,9.3,679,0,0.98
29:00:00,0,23,18,563,7.5,549,0,0.98
29:02:00,0,25,23,703,9.4,675,0,0.96
29:05:00,0,27,26,752,10,727,0,0.97
29:07:00,0,25,24,729,9.7,705,0,0.97
29:09:00,0,27,23,614,8.2,615,0,1
29:11:00,0,26,24,715,9.5,702,0,0.98
29:14:00,0,28,24,682,9.1,670,0,0.98
29:16:00,0,25,22,645,8.6,628,0,0.97
29:18:00,0,27,23,649,8.7,639,0,0.98
29:21:00,0,24,28,845,11.3,860,0,1.02
29:23:00,0,24,22,605,8.1,605,0,1
29:26:00,0,26,25,730,9.7,739,0,1.01
29:29:00,0,20,23,665,8.9,692,0,1.04
29:31:00,0,27,23,636,8.5,657,0,1.03
29:33:00,0,26,25,710,9.5,723,0,1.02
29:36:00,0,24,21,592,7.9,597,0,1.01
29:38:00,0,24,24,726,9.7,726,0,1
29:41:00,0,25,22,624,8.3,619,0,0.99
29:43:00,0,23,22,677,9,665,0,0.98
29:48:00,0,12,35,870,11.6,1031,0,1.19
29:51:00,0,23,15,331,4.4,357,0,1.08
29:53:00,0,25,18,469,6.3,459,0,0.98
29:56:00,0,23,19,579,7.7,551,0,0.95
29:58:00,0,25,21,642,8.6,606,0,0.94
30:00:00,0,28,24,742,9.9,698,0,0.94
30:03:00,0,25,22,694,9.3,641,0,0.92
30:05:00,0,25,22,682,9.1,622,0,0.91
30:07:00,0,27,25,729,9.7,687,0,0.94
30:10:00,0,26,23,704,9.4,663,0,0.94
30:12:00,0,27,24,746,9.9,706,0,0.95
30:14:00,0,28,23,679,9.1,640,0,0.94
30:17:00,0,23,22,685,9.1,653,0,0.95
30:19:00,0,23,23,701,9.3,680,0,0.97
30:22:00,0,26,22,631,8.4,622,0,0.99
30:24:00,0,24,23,687,9.2,652,0,0.95
30:26:00,0,24,18,463,6.2,449,0,0.97
30:30:00,0,18,21,747,10,710,0,0.95
30:32:00,0,25,24,820,10.9,759,0,0.93
30:34:00,0,26,22,671,8.9,629,0,0.94
30:37:00,0,28,24,725,9.7,682,0,0.94
30:39:00,0,26,23,700,9.3,671,0,0.96
30:42:00,0,22,24,755,10.1,741,0,0.98
30:44:00,0,23,22,677,9,667,0,0.99
30:47:00,0,24,23,705,9.4,690,0,0.98
30:49:00,0,22,25,739,9.9,739,0,1
30:52:00,0,23,23,685,9.1,678,0,0.99
30:55:00,0,24,23,714,9.5,708,0,0.99
30:57:00,0,26,24,647,8.6,647,0,1
30:59:00,0,27,21,591,7.9,583,0,0.99
31:02:00,0,24,23,703,9.4,690,0,0.98
31:04:00,0,23,23,684,9.1,675,0,0.99
31:07:00,0,24,20,561,7.5,553,0,0.99
31:09:00,0,26,19,522,7,510,0,0.98
31:11:00,0,25,22,653,8.7,609,0,0.93
31:14:00,0,26,23,684,9.1,646,0,0.94
31:16:00,0,25,22,595,7.9,558,0,0.94
31:19:00,0,21,22,722,9.6,670,0,0.93
31:21:00,0,26,24,710,9.5,667,0,0.94
31:24:00,0,23,22,692,9.2,654,0,0.94
31:26:00,0,22,21,673,9,636,0,0.95
31:29:00,0,25,21,656,8.8,625,0,0.95
31:32:00,0,21,21,678,9,648,0,0.96
31:34:00,0,25,24,716,9.5,680,0,0.95
31:37:00,0,23,21,664,8.9,639,0,0.96
31:39:00,0,24,22,681,9.1,639,0,0.94
31:42:00,0,24,23,714,9.5,687,0,0.96
31:44:00,0,23,21,651,8.7,629,0,0.97
31:47:00,0,22,24,760,10.1,737,0,0.97
31:49:00,0,23,24,724,9.6,703,0,0.97
31:52:00,0,23,22,654,8.7,652,0,1
31:54:00,0,25,21,571,7.6,557,0,0.98
31:57:00,0,24,21,614,8.2,598,0,0.97
32:02:00,0,11,34,828,11,972,0,1.17
32:05:00,0,25,18,459,6.1,495,0,1.08
32:07:00,0,23,17,440,5.9,445,0,1.01
32:09:00,0,29,18,502,6.7,489,0,0.97
32:12:00,0,25,22,698,9.3,665,0,0.95
32:14:00,0,26,23,697,9.3,655,0,0.94
32:17:00,0,25,24,763,10.2,710,0,0.93
32:19:00,0,24,24,796,10.6,732,0,0.92
32:22:00,0,23,23,740,9.9,697,0,0.94
32:24:00,0,24,22,717,9.6,665,0,0.93
32:27:00,0,24,22,703,9.4,660,0,0.94
32:29:00,0,27,23,684,9.1,651,0,0.95
32:31:00,0,26,24,763,10.2,719,0,0.94
32:33:00,0,26,27,854,11.4,811,0,0.95
32:36:00,0,25,26,769,10.2,739,0,0.96
32:38:00,0,25,24,641,8.5,627,0,0.98
32:41:00,0,24,25,736,9.8,721,0,0.98
32:43:00,0,25,25,718,9.6,708,0,0.99
32:46:00,0,23,24,726,9.7,719,0,0.99
32:48:00,0,24,22,617,8.2,622,0,1.01
32:51:00,0,26,23,642,8.6,644,0,1
32:53:00,0,24,23,663,8.8,661,0,1
32:55:00,0,25,15,297,4,302,0,1.02
32:59:00,0,18,25,889,11.9,858,0,0.96
33:01:00,0,25,23,683,9.1,652,0,0.95
33:04:00,0,27,25,733,9.8,699,0,0.95
33:06:00,0,25,25,749,10,713,0,0.95
33:08:00,0,26,25,758,10.1,731,0,0.96
33:11:00,0,27,24,678,9,654,0,0.96
33:13:00,0,25,23,703,9.4,676,0,0.96
33:15:00,0,26,24,686,9.1,677,0,0.99
33:17:00,0,27,26,763,10.2,739,0,0.97
33:20:00,0,26,25,730,9.7,717,0,0.98
33:22:00,0,25,26,752,10,753,0,1
33:25:00,0,25,23,653,8.7,652,0,1
33:27:00,0,24,24,683,9.1,686,0,1
33:29:00,0,27,24,661,8.8,672,0,1.02
33:32:00,0,25,23,665,8.9,668,0,1
33:34:00,0,25,22,598,8,607,0,1.01
33:37:00,0,25,24,734,9.8,723,0,0.99
33:39:00,0,25,21,655,8.7,627,0,0.96
33:41:00,0,26,22,665,8.9,626,0,0.94
33:44:00,0,27,25,745,9.9,715,0,0.96
33:46:00,0,24,25,762,10.2,735,0,0.96
33:48:00,0,26,23,653,8.7,637,0,0.98
33:51:00,0,25,24,685,9.1,663,0,0.97
33:53:00,0,23,24,742,9.9,723,0,0.97
33:56:00,0,27,24,715,9.5,688,0,0.96
33:58:00,0,25,25,747,10,715,0,0.96
34:00:00,0,26,23,667,8.9,651,0,0.98
34:03:00,0,24,24,746,10,724,0,0.97
34:05:00,0,24,24,730,9.7,709,0,0.97
34:08:00,0,23,24,705,9.4,704,0,1
34:10:00,0,24,21,599,8,592,0,0.99
34:13:00,0,27,26,726,9.7,714,0,0.98
34:15:00,0,22,23,663,8.8,660,0,0.99
34:18:00,0,24,22,646,8.6,646,0,1
34:20:00,0,24,24,712,9.5,706,0,0.99
34:23:00,0,28,22,629,8.4,610,0,0.97
34:25:00,0,25,24,755,10.1,731,0,0.97
34:27:00,0,23,23,685,9.1,660,0,0.96
34:30:00,0,25,22,648,8.6,626,0,0.97
34:32:00,0,27,26,723,9.6,709,0,0.98
34:34:00,0,26,25,721,9.6,703,0,0.98
34:37:00,0,26,27,780,10.4,771,0,0.99
34:39:00,0,23,23,653,8.7,655,0,1
34:42:00,0,27,22,563,7.5,568,0,1.01
34:44:00,0,26,26,760,10.1,767,0,1.01
34:46:00,0,26,25,696,9.3,700,0,1.01
34:48:00,0,27,24,658,8.8,654,0,0.99
34:51:00,0,25,23,667,8.9,660,0,0.99
34:53:00,0,25,23,657,8.8,658,0,1
34:56:00,0,26,25,740,9.9,740,0,1
34:58:00,0,25,22,613,8.2,611,0,1
35:00:00,0,25,24,674,9,668,0,0.99
35:03:00,0,26,25,756,10.1,757,0,1
35:05:00,0,24,22,651,8.7,643,0,0.99
35:07:00,0,27,26,736,9.8,736,0,1
35:10:00,0,24,24,693,9.2,691,0,1
35:12:00,0,29,25,709,9.5,704,0,0.99
35:14:00,0,24,23,702,9.4,693,0,0.99
35:17:00,0,25,24,711,9.5,694,0,0.98
35:19:00,0,25,22,626,8.3,615,0,0.98
35:22:00,0,25,24,727,9.7,706,0,0.97
35:24:00,0,24,23,689,9.2,675,0,0.98
35:26:00,0,28,23,629,8.4,620,0,0.99
35:29:00,0,25,25,782,10.4,753,0,0.96
35:31:00,0,24,21,616,8.2,601,0,0.97
35:33:00,0,27,25,711,9.5,688,0,0.97
35:36:00,0,25,24,696,9.3,688,0,0.99
35:38:00,0,27,24,667,8.9,665,0,1
35:40:00,0,25,23,700,9.3,673,0,0.96
35:43:00,0,21,20,549,7.3,545,0,0.99
35:46:00,0,24,23,701,9.3,674,0,0.96
35:48:00,0,24,24,750,10,720,0,0.96
35:50:00,0,27,24,676,9,662,0,0.98
35:53:00,0,24,23,647,8.6,645,0,1
35:55:00,0,25,23,672,9,657,0,0.98
35:58:00,0,26,26,723,9.6,709,0,0.98
36:00:00,0,23,23,720,9.6,703,0,0.98
36:02:00,0,25,23,693,9.2,673,0,0.97
36:05:00,0,25,22,632,8.4,610,0,0.96
36:07:00,0,25,25,752,10,725,0,0.96
36:10:00,0,24,24,693,9.2,684,0,0.99
36:12:00,0,23,24,737,9.8,724,0,0.98
36:15:00,0,25,22,626,8.3,608,0,0.97
36:17:00,0,27,25,719,9.6,704,0,0.98
36:19:00,0,24,24,725,9.7,715,0,0.99
36:22:00,0,25,23,661,8.8,653,0,0.99
36:24:00,0,25,23,640,8.5,623,0,0.97
36:27:00,0,27,23,659,8.8,653,0,0.99
36:29:00,0,26,23,656,8.7,640,0,0.98
36:31:00,0,27,25,711,9.5,691,0,0.97
36:34:00,0,23,24,747,10,719,0,0.96
36:36:00,0,24,23,695,9.3,673,0,0.97
36:39:00,0,23,21,628,8.4,612,0,0.97
36:41:00,0,24,21,635,8.5,617,0,0.97
36:43:00,0,26,24,689,9.2,675,0,0.98
36:46:00,0,20,26,796,10.6,795,0,1
36:49:00,0,25,25,703,9.4,704,0,1
36:51:00,0,24,21,651,8.7,628,0,0.96
36:54:00,0,25,23,664,8.9,648,0,0.97
36:56:00,0,23,24,714,9.5,704,0,0.99
36:59:00,0,25,22,634,8.5,621,0,0.98
37:01:00,0,23,22,682,9.1,657,0,0.96
37:04:00,0,23,22,618,8.2,604,0,0.98
37:06:00,0,26,23,681,9.1,657,0,0.97
37:09:00,0,24,22,687,9.2,662,0,0.96
37:11:00,0,24,23,745,9.9,700,0,0.94
37:14:00,0,25,23,696,9.3,662,0,0.95
37:16:00,0,27,22,640,8.5,611,0,0.96
37:18:00,0,24,24,704,9.4,689,0,0.98
37:21:00,0,26,23,684,9.1,659,0,0.96
37:23:00,0,26,26,753,10,706,0,0.94
37:25:00,0,24,23,678,9,655,0,0.97
37:28:00,0,26,15,307,4.1,303,0,0.99
37:31:00,0,17,25,867,11.6,817,0,0.94
37:34:00,0,25,25,691,9.2,670,0,0.97
37:36:00,0,25,24,671,9,654,0,0.97
37:38:00,0,25,25,817,10.9,770,0,0.94
37:41:00,0,24,24,717,9.6,692,0,0.97
37:43:00,0,24,23,690,9.2,679,0,0.98
37:46:00,0,24,23,663,8.8,656,0,0.99
37:48:00,0,28,26,730,9.7,724,0,0.99
37:51:00,0,24,23,654,8.7,650,0,0.99
37:53:00,0,26,25,733,9.8,721,0,0.98
37:55:00,0,23,25,724,9.7,724,0,1
37:58:00,0,24,23,686,9.1,683,0,1
38:01:00,0,23,23,667,8.9,676,0,1.01
38:03:00,0,24,23,685,9.1,690,0,1.01
38:06:00,0,23,21,609,8.1,610,0,1
38:08:00,0,23,24,707,9.4,711,0,1.01
38:11:00,0,23,23,681,9.1,684,0,1
38:13:00,0,24,23,647,8.6,649,0,1
38:16:00,0,23,22,638,8.5,638,0,1
38:19:00,0,23,21,610,8.1,616,0,1.01
38:21:00,0,26,21,577,7.7,578,0,1
38:23:00,0,25,22,653,8.7,632,0,0.97
38:26:00,0,25,24,681,9.1,664,0,0.98
38:28:00,0,28,24,683,9.1,662,0,0.97
38:30:00,0,23,24,718,9.6,703,0,0.98
38:33:00,0,24,21,601,8,590,0,0.98
38:35:00,0,25,22,617,8.2,608,0,0.98
38:38:00,0,25,22,608,8.1,598,0,0.98
38:40:00,0,25,24,714,9.5,693,0,0.97
38:45:00,0,13,35,913,12.2,1015,0,1.11
38:47:00,0,23,15,334,4.4,354,0,1.06
38:50:00,0,24,15,433,5.8,412,0,0.95
38:52:00,0,24,20,658,8.8,616,0,0.94
38:55:00,0,23,21,702,9.4,642,0,0.91
38:57:00,0,28,14,259,3.5,251,0,0.97
39:01:00,0,17,25,933,12.4,851,0,0.91
39:03:00,0,22,24,792,10.6,728,0,0.92
39:06:00,0,25,22,659,8.8,614,0,0.93
39:08:00,0,27,25,744,9.9,694,0,0.93
39:10:00,0,24,23,734,9.8,686,0,0.93
39:13:00,0,27,23,661,8.8,620,0,0.94
39:15:00,0,27,24,728,9.7,672,0,0.92
39:17:00,0,28,23,699,9.3,654,0,0.94
39:19:00,0,25,23,722,9.6,677,0,0.94
39:22:00,0,28,23,654,8.7,619,0,0.95
39:24:00,0,26,24,702,9.4,650,0,0.93
39:26:00,0,29,26,818,10.9,773,0,0.95
39:28:00,0,25,24,730,9.7,702,0,0.96
39:31:00,0,27,23,639,8.5,618,0,0.97
39:33:00,0,26,26,739,9.9,713,0,0.96
39:35:00,0,28,26,721,9.6,703,0,0.97
39:37:00,0,27,25,700,9.3,698,0,1
39:40:00,0,27,25,678,9,674,0,0.99
39:42:00,0,29,25,690,9.2,686,0,0.99
39:44:00,0,26,26,726,9.7,733,0,1.01
39:46:00,0,28,25,680,9.1,677,0,1
39:48:00,0,26,24,642,8.6,637,0,0.99
39:51:00,0,27,25,728,9.7,713,0,0.98
39:53:00,0,26,23,669,8.9,649,0,0.97
39:55:00,0,27,24,709,9.4,684,0,0.97
39:58:00,0,25,23,686,9.1,661,0,0.96
40:00:00,0,28,21,581,7.8,554,0,0.95
40:02:00,0,25,24,739,9.9,696,0,0.94
40:04:00,0,28,24,681,9.1,630,0,0.92
40:07:00,0,26,26,788,10.5,741,0,0.94
40:09:00,0,26,26,800,10.7,754,0,0.94
40:11:00,0,26,26,819,10.9,776,0,0.95
40:13:00,0,28,25,707,9.4,675,0,0.95
40:16:00,0,25,26,794,10.6,762,0,0.96
40:18:00,0,27,23,663,8.8,643,0,0.97
40:20:00,0,26,27,784,10.5,755,0,0.96
40:22:00,0,29,24,674,9,655,0,0.97
40:25:00,0,25,24,738,9.8,724,0,0.98
40:27:00,0,25,23,689,9.2,672,0,0.98
40:30:00,0,27,27,786,10.5,766,0,0.97
40:32:00,0,23,24,721,9.6,700,0,0.97
40:34:00,0,25,24,701,9.4,673,0,0.96
40:37:00,0,28,24,682,9.1,654,0,0.96
40:39:00,0,25,26,769,10.3,742,0,0.96
40:41:00,0,26,23,682,9.1,659,0,0.97
40:44:00,0,27,25,720,9.6,690,0,0.96
40:46:00,0,27,23,684,9.1,651,0,0.95
40:48:00,0,25,24,725,9.7,693,0,0.95
40:50:00,0,33,12,376,5,340,0,0.9
40:52:00,0,26,23,745,9.9,660,0,0.89
40:55:00,0,26,25,788,10.5,706,0,0.9
40:57:00,0,28,28,913,12.2,840,0,0.92
40:59:00,0,25,26,832,11.1,776,0,0.93
41:02:00,0,26,22,625,8.3,594,0,0.95
41:04:00,0,27,27,822,11,782,0,0.95
41:06:00,0,29,26,774,10.3,742,0,0.96
41:08:00,0,26,25,754,10.1,733,0,0.97
41:10:00,0,26,26,753,10,733,0,0.97
41:13:00,0,25,25,708,9.4,699,0,0.99
41:15:00,0,25,25,711,9.5,710,0,1
41:17:00,0,28,26,728,9.7,723,0,0.99
41:20:00,0,27,24,671,8.9,666,0,0.99
41:22:00,0,28,26,690,9.2,688,0,1
41:24:00,0,27,26,730,9.7,724,0,0.99
41:27:00,0,24,26,790,10.5,773,0,0.98
41:29:00,0,26,24,689,9.2,687,0,1
41:31:00,0,27,25,712,9.5,713,0,1
41:33:00,0,25,24,655,8.7,652,0,1
41:36:00,0,24,19,464,6.2,464,0,1
41:39:00,0,19,24,831,11.1,806,0,0.97
41:41:00,0,27,27,800,10.7,759,0,0.95
41:44:00,0,23,24,709,9.5,698,0,0.98
41:46:00,0,26,26,757,10.1,746,0,0.99
41:48:00,0,28,23,625,8.3,600,0,0.96
41:51:00,0,28,26,727,9.7,710,0,0.98
41:53:00,0,24,29,821,10.9,815,0,0.99
41:55:00,0,30,27,701,9.3,696,0,0.99
41:58:00,0,24,27,757,10.1,764,0,1.01
42:00:00,0,28,24,604,8.1,610,0,1.01
42:02:00,0,25,26,728,9.7,737,0,1.01
42:07:00,0,13,33,876,11.7,994,0,1.13
42:09:00,0,24,22,563,7.5,620,0,1.1
42:12:00,0,24,18,441,5.9,458,0,1.04
42:14:00,0,28,23,602,8,634,0,1.05
42:17:00,0,24,23,637,8.5,618,0,0.97
42:19:00,0,25,22,637,8.5,603,0,0.95
42:21:00,0,29,25,719,9.6,668,0,0.93
42:23:00,0,28,21,601,8,562,0,0.94
42:25:00,0,29,24,691,9.2,630,0,0.91
42:27:00,0,26,25,762,10.2,707,0,0.93
42:30:00,0,25,22,708,9.4,648,0,0.92
42:32:00,0,27,22,639,8.5,585,0,0.91
42:34:00,0,26,24,729,9.7,667,0,0.92
42:36:00,0,29,26,822,11,745,0,0.91
42:39:00,0,29,19,527,7,479,0,0.91
42:41:00,0,29,24,708,9.4,643,0,0.91
42:43:00,0,27,26,766,10.2,698,0,0.91
42:45:00,0,27,25,755,10.1,693,0,0.92
42:47:00,0,26,26,744,9.9,694,0,0.93
42:49:00,0,29,24,704,9.4,656,0,0.93
42:52:00,0,25,16,379,5.1,354,0,0.93
42:55:00,0,19,25,867,11.6,805,0,0.93
42:57:00,0,24,23,717,9.6,669,0,0.93
43:00:00,0,29,25,758,10.1,707,0,0.93
43:02:00,0,26,23,681,9.1,646,0,0.95
43:04:00,0,28,25,777,10.4,730,0,0.94
43:08:00,0,15,31,904,12.1,958,0,1.06
43:11:00,0,24,20,536,7.1,549,0,1.02
43:13:00,0,27,23,663,8.8,659,0,0.99
43:15:00,0,26,22,692,9.2,653,0,0.94
43:18:00,0,23,21,652,8.7,609,0,0.93
43:20:00,0,25,22,663,8.8,624,0,0.94
43:22:00,0,25,23,721,9.6,675,0,0.94
43:25:00,0,25,23,675,9,624,0,0.92
43:27:00,0,26,21,639,8.5,586,0,0.92
43:29:00,0,26,26,858,11.4,774,0,0.9
43:32:00,0,26,21,665,8.9,597,0,0.9
43:34:00,0,25,22,745,9.9,657,0,0.88
43:36:00,0,27,24,739,9.9,678,0,0.92
43:39:00,0,26,24,779,10.4,715,0,0.92
43:41:00,0,25,24,767,10.2,705,0,0.92
43:44:00,0,26,22,665,8.9,617,0,0.93
43:46:00,0,27,26,784,10.5,725,0,0.92
43:48:00,0,27,26,762,10.2,719,0,0.94
43:51:00,0,23,23,726,9.7,693,0,0.95
43:53:00,0,24,24,746,10,714,0,0.96
43:55:00,0,25,23,656,8.8,635,0,0.97
43:58:00,0,25,22,669,8.9,624,0,0.93
44:00:00,0,28,25,730,9.7,694,0,0.95
44:02:00,0,24,24,762,10.2,723,0,0.95
44:05:00,0,25,23,711,9.5,669,0,0.94
44:07:00,0,26,25,765,10.2,730,0,0.95
44:10:00,0,26,25,736,9.8,697,0,0.95
44:12:00,0,28,25,716,9.5,688,0,0.96
44:14:00,0,24,24,741,9.9,698,0,0.94
44:17:00,0,27,23,611,8.1,590,0,0.97
44:19:00,0,26,26,753,10,720,0,0.96
44:21:00,0,29,27,740,9.9,716,0,0.97
44:23:00,0,24,25,774,10.3,731,0,0.94
44:26:00,0,26,23,651,8.7,629,0,0.97
44:28:00,0,25,19,463,6.2,456,0,0.99
44:32:00,0,17,23,772,10.3,743,0,0.96
44:34:00,0,26,24,727,9.7,693,0,0.95
44:37:00,0,24,24,789,10.5,725,0,0.92
44:39:00,0,25,24,743,9.9,707,0,0.95
44:41:00,0,27,24,691,9.2,657,0,0.95
44:44:00,0,25,25,736,9.8,686,0,0.93
44:46:00,0,25,21,581,7.7,556,0,0.96
44:48:00,0,28,26,763,10.2,718,0,0.94
44:51:00,0,24,24,742,9.9,708,0,0.95
44:53:00,0,26,24,709,9.5,678,0,0.96
44:55:00,0,27,24,699,9.3,650,0,0.93
44:58:00,0,24,24,718,9.6,684,0,0.95
45:00:00,0,24,23,709,9.5,682,0,0.96
45:02:00,0,28,27,773,10.3,725,0,0.94
45:05:00,0,25,21,590,7.9,568,0,0.96
45:07:00,0,27,25,759,10.1,709,0,0.93
45:09:00,0,26,25,708,9.4,681,0,0.96
45:11:00,0,25,26,838,11.2,788,0,0.94
45:14:00,0,26,24,696,9.3,662,0,0.95
45:16:00,0,26,24,730,9.7,698,0,0.96
45:18:00,0,27,23,653,8.7,623,0,0.95
45:21:00,0,25,25,731,9.7,708,0,0.97
45:23:00,0,24,23,731,9.7,690,0,0.94
45:26:00,0,25,22,658,8.8,627,0,0.95
45:28:00,0,27,23,650,8.7,629,0,0.97
45:33:00,0,12,32,900,12,980,0,1.09
45:35:00,0,28,21,494,6.6,520,0,1.05
45:37:00,0,25,20,570,7.6,569,0,1
45:39:00,0,28,21,594,7.9,574,0,0.97
45:42:00,0,25,21,620,8.3,578,0,0.93
45:44:00,0,24,22,678,9,646,0,0.95
45:47:00,0,28,23,713,9.5,668,0,0.94
45:49:00,0,25,25,825,11,744,0,0.9
45:51:00,0,29,22,688,9.2,628,0,0.91
45:53:00,0,29,24,683,9.1,631,0,0.92
45:56:00,0,24,23,762,10.2,714,0,0.94
45:58:00,0,24,24,775,10.3,717,0,0.93
46:01:00,0,24,24,779,10.4,728,0,0.93
46:03:00,0,28,23,659,8.8,618,0,0.94
46:05:00,0,26,24,728,9.7,682,0,0.94
46:07:00,0,27,25,761,10.1,714,0,0.94
46:10:00,0,25,24,774,10.3,719,0,0.93
46:12:00,0,26,22,633,8.4,597,0,0.94
46:14:00,0,26,24,791,10.6,725,0,0.92
46:16:00,0,27,23,700,9.3,649,0,0.93
46:19:00,0,26,25,761,10.1,701,0,0.92
46:21:00,0,23,24,771,10.3,725,0,0.94
46:24:00,0,28,25,747,10,695,0,0.93
46:26:00,0,26,24,741,9.9,683,0,0.92
46:28:00,0,27,23,640,8.5,603,0,0.94
46:30:00,0,25,25,803,10.7,745,0,0.93
46:33:00,0,28,21,605,8.1,565,0,0.93
46:35:00,0,28,24,720,9.6,665,0,0.92
46:37:00,0,28,25,741,9.9,696,0,0.94
46:39:00,0,29,22,608,8.1,570,0,0.94
46:41:00,0,30,25,737,9.8,697,0,0.95
46:43:00,0,25,26,817,10.9,766,0,0.94
46:45:00,0,28,24,688,9.2,660,0,0.96
46:48:00,0,27,25,739,9.9,692,0,0.94
46:50:00,0,28,24,710,9.5,670,0,0.94
46:52:00,0,28,16,351,4.7,341,0,0.97
46:55:00,0,20,25,891,11.9,818,0,0.92
46:57:00,0,26,24,766,10.2,702,0,0.92
46:59:00,0,27,24,724,9.7,672,0,0.93
47:02:00,0,25,24,763,10.2,713,0,0.93
47:04:00,0,27,23,687,9.2,638,0,0.93
47:06:00,0,26,23,758,10.1,695,0,0.92
47:09:00,0,24,25,804,10.7,742,0,0.92
47:11:00,0,26,22,667,8.9,627,0,0.94
47:14:00,0,26,25,737,9.8,697,0,0.95
47:16:00,0,26,25,762,10.2,718,0,0.94
47:18:00,0,27,24,713,9.5,670,0,0.94
47:20:00,0,25,23,718,9.6,672,0,0.94
47:23:00,0,29,23,640,8.5,607,0,0.95
47:25:00,0,27,24,696,9.3,667,0,0.96
47:27:00,0,28,25,771,10.3,730,0,0.95
47:29:00,0,24,22,675,9,648,0,0.96
47:32:00,0,24,27,842,11.2,797,0,0.95
47:34:00,0,27,22,646,8.6,610,0,0.94
47:36:00,0,26,23,672,9,642,0,0.96
47:39:00,0,28,23,668,8.9,625,0,0.94
47:41:00,0,24,25,845,11.3,775,0,0.92
47:43:00,0,25,23,722,9.6,681,0,0.94
47:46:00,0,26,24,716,9.6,692,0,0.97
47:48:00,0,27,26,762,10.2,721,0,0.95
47:50:00,0,27,25,766,10.2,736,0,0.96
47:53:00,0,26,24,730,9.7,684,0,0.94
47:55:00,0,25,24,738,9.8,700,0,0.95
47:57:00,0,26,24,699,9.3,664,0,0.95
48:00:00,0,25,23,728,9.7,674,0,0.93
48:02:00,0,25,25,754,10.1,721,0,0.96
48:05:00,0,19,29,884,11.8,878,0,0.99
48:07:00,0,28,22,623,8.3,613,0,0.98
48:09:00,0,28,22,616,8.2,605,0,0.98
48:12:00,0,26,24,737,9.8,703,0,0.95
48:14:00,0,23,25,764,10.2,741,0,0.97
48:17:00,0,24,24,739,9.9,713,0,0.97
48:19:00,0,26,23,681,9.1,655,0,0.96
48:21:00,0,27,26,770,10.3,738,0,0.96
48:24:00,0,25,23,623,8.3,597,0,0.96
48:26:00,0,25,22,659,8.8,622,0,0.94
48:28:00,0,26,27,821,10.9,785,0,0.96
48:31:00,0,25,23,689,9.2,660,0,0.96
48:33:00,0,27,25,733,9.8,699,0,0.95
48:35:00,0,25,27,801,10.7,783,0,0.98
48:38:00,0,24,24,690,9.2,670,0,0.97
48:40:00,0,25,23,643,8.6,633,0,0.98
48:43:00,0,24,24,701,9.3,676,0,0.96
48:45:00,0,26,24,667,8.9,647,0,0.97
48:48:00,0,24,24,738,9.8,711,0,0.96
48:50:00,0,26,23,662,8.8,636,0,0.96
48:52:00,0,27,26,770,10.3,740,0,0.96
48:54:00,0,26,24,707,9.4,691,0,0.98
48:57:00,0,26,26,790,10.5,767,0,0.97
48:59:00,0,23,24,713,9.5,698,0,0.98
49:02:00,0,26,24,691,9.2,675,0,0.98
49:04:00,0,25,23,650,8.7,640,0,0.98
49:06:00,0,25,26,734,9.8,717,0,0.98
49:09:00,0,24,22,601,8,598,0,0.99
49:11:00,0,27,24,738,9.8,705,0,0.95
49:13:00,0,23,24,749,10,720,0,0.96
49:16:00,0,25,23,725,9.7,691,0,0.95
49:18:00,0,27,21,589,7.8,571,0,0.97
49:21:00,0,25,24,772,10.3,720,0,0.93
49:23:00,0,24,23,716,9.5,676,0,0.94
49:26:00,0,21,19,552,7.4,520,0,0.94
49:28:00,0,25,24,781,10.4,746,0,0.96
49:31:00,0,24,22,726,9.7,659,0,0.91
49:33:00,0,29,25,741,9.9,683,0,0.92
49:35:00,0,24,23,780,10.4,715,0,0.92
49:38:00,0,24,23,744,9.9,677,0,0.91
49:40:00,0,27,22,639,8.5,588,0,0.92
49:42:00,0,27,24,715,9.5,661,0,0.93
49:44:00,0,29,21,595,7.9,545,0,0.92
49:46:00,0,30,24,731,9.7,665,0,0.91
49:49:00,0,27,26,829,11,752,0,0.91
49:51:00,0,27,24,782,10.4,711,0,0.91
49:53:00,0,27,24,743,9.9,670,0,0.9
49:55:00,0,27,24,757,10.1,681,0,0.9
49:57:00,0,29,26,765,10.2,700,0,0.91
50:00:00,0,27,28,821,10.9,769,0,0.94
50:02:00,0,27,25,739,9.8,706,0,0.96
50:04:00,0,27,25,727,9.7,701,0,0.96
50:06:00,0,27,26,751,10,732,0,0.98
50:09:00,0,26,26,699,9.3,669,0,0.96
50:11:00,0,26,24,704,9.4,685,0,0.97
50:13:00,0,24,24,714,9.5,702,0,0.98
50:16:00,0,29,25,690,9.2,661,0,0.96
50:18:00,0,27,23,661,8.8,641,0,0.97
50:20:00,0,24,25,762,10.2,722,0,0.95
50:25:00,0,12,32,889,11.9,973,0,1.09
50:27:00,0,28,22,553,7.4,584,0,1.06
50:29:00,0,32,21,534,7.1,520,0,0.97
50:32:00,0,25,19,592,7.9,572,0,0.97
50:34:00,0,24,19,606,8.1,557,0,0.92
50:37:00,0,25,21,676,9,603,0,0.89
50:39:00,0,26,22,716,9.5,640,0,0.89
50:41:00,0,26,25,824,11,721,0,0.88
50:43:00,0,27,24,741,9.9,665,0,0.9
50:46:00,0,25,23,684,9.1,624,0,0.91
50:48:00,0,24,24,780,10.4,689,0,0.88
50:51:00,0,23,22,681,9.1,617,0,0.91
50:53:00,0,24,22,653,8.7,605,0,0.93
50:56:00,0,26,23,682,9.1,624,0,0.92
50:58:00,0,25,23,719,9.6,665,0,0.92
51:01:00,0,24,24,752,10,693,0,0.92
51:03:00,0,25,17,399,5.3,374,0,0.94
51:06:00,0,19,25,878,11.7,809,0,0.92
51:09:00,0,26,25,813,10.8,742,0,0.91
51:12:00,0,17,31,948,12.6,970,0,1.02
51:14:00,0,27,23,673,9,667,0,0.99
51:17:00,0,25,22,619,8.3,615,0,0.99
51:19:00,0,29,24,670,8.9,668,0,1
51:21:00,0,25,23,647,8.6,640,0,0.99
51:23:00,0,27,27,799,10.7,783,0,0.98
51:26:00,0,25,23,676,9,650,0,0.96
51:28:00,0,26,23,647,8.6,632,0,0.98
51:30:00,0,28,24,699,9.3,661,0,0.95
51:32:00,0,28,23,650,8.7,625,0,0.96
51:35:00,0,26,25,738,9.8,709,0,0.96
51:37:00,0,26,22,600,8,586,0,0.98
51:39:00,0,26,27,823,11,781,0,0.95
51:41:00,0,30,24,693,9.2,664,0,0.96
51:44:00,0,26,23,660,8.8,635,0,0.96
51:46:00,0,26,23,654,8.7,624,0,0.95
51:48:00,0,27,25,734,9.8,702,0,0.96
51:50:00,0,27,28,832,11.1,799,0,0.96
51:53:00,0,25,22,642,8.6,622,0,0.97
51:55:00,0,26,23,634,8.4,608,0,0.96
51:57:00,0,27,22,649,8.7,611,0,0.94
52:00:00,0,26,24,709,9.4,679,0,0.96
52:02:00,0,27,25,789,10.5,758,0,0.96
52:04:00,0,25,24,710,9.5,682,0,0.96
52:07:00,0,27,24,654,8.7,635,0,0.97
52:09:00,0,25,25,744,9.9,719,0,0.97
52:11:00,0,26,23,664,8.9,639,0,0.96
52:14:00,0,25,24,774,10.3,733,0,0.95
52:16:00,0,27,24,697,9.3,651,0,0.93
52:18:00,0,26,24,691,9.2,651,0,0.94
52:20:00,0,28,23,642,8.6,617,0,0.96
52:23:00,0,27,26,802,10.7,759,0,0.95
52:25:00,0,26,24,697,9.3,669,0,0.96
52:27:00,0,24,18,554,7.4,525,0,0.95
52:30:00,0,21,17,521,7,500,0,0.96
52:32:00,0,26,25,834,11.1,781,0,0.94
52:35:00,0,25,26,833,11.1,783,0,0.94
52:37:00,0,26,24,718,9.6,689,0,0.96
52:39:00,0,26,27,763,10.2,723,0,0.95
52:42:00,0,26,23,681,9.1,653,0,0.96
52:44:00,0,27,25,726,9.7,698,0,0.96
52:46:00,0,28,26,758,10.1,732,0,0.97
52:48:00,0,25,26,774,10.3,756,0,0.98
52:51:00,0,24,24,712,9.5,695,0,0.98
52:53:00,0,28,24,658,8.8,654,0,0.99
52:55:00,0,28,26,753,10,730,0,0.97
52:57:00,0,27,26,781,10.4,751,0,0.96
53:00:00,0,26,23,666,8.9,644,0,0.97
53:02:00,0,27,25,754,10,723,0,0.96
53:04:00,0,27,25,732,9.8,713,0,0.97
53:06:00,0,26,26,808,10.8,772,0,0.95
53:09:00,0,25,24,707,9.4,674,0,0.95
53:11:00,0,28,23,658,8.8,635,0,0.96
53:13:00,0,26,26,801,10.7,782,0,0.98
53:16:00,0,26,24,710,9.5,687,0,0.97
53:18:00,0,26,25,813,10.8,787,0,0.97
53:20:00,0,26,23,684,9.1,664,0,0.97
53:23:00,0,25,23,680,9.1,661,0,0.97
53:25:00,0,27,24,679,9.1,657,0,0.97
53:28:00,0,24,22,674,9,652,0,0.97
53:30:00,0,25,20,611,8.2,577,0,0.94
53:32:00,0,28,23,722,9.6,674,0,0.93
53:35:00,0,24,23,753,10,697,0,0.92
53:37:00,0,24,25,788,10.5,739,0,0.94
53:40:00,0,22,24,786,10.5,748,0,0.95
53:45:00,0,12,34,922,12.3,1035,0,1.12
53:47:00,0,25,16,390,5.2,408,0,1.05
53:49:00,0,26,18,452,6,444,0,0.98
53:52:00,0,23,19,565,7.5,543,0,0.96
53:55:00,0,19,20,691,9.2,630,0,0.91
53:57:00,0,27,21,672,9,594,0,0.88
53:59:00,0,26,27,932,12.4,815,0,0.87
54:01:00,0,30,28,937,12.5,815,0,0.87
54:04:00,0,24,25,774,10.3,694,0,0.9
54:06:00,0,27,23,679,9.1,623,0,0.92
54:09:00,0,25,24,732,9.8,689,0,0.94
54:11:00,0,25,27,852,11.4,797,0,0.94
54:13:00,0,27,25,731,9.7,686,0,0.94
54:16:00,0,25,25,767,10.2,736,0,0.96
54:18:00,0,25,22,666,8.9,632,0,0.95
54:20:00,0,27,24,694,9.3,653,0,0.94
54:23:00,0,26,25,740,9.9,689,0,0.93
54:25:00,0,27,26,739,9.9,709,0,0.96
54:27:00,0,27,25,725,9.7,685,0,0.95
54:29:00,0,26,24,687,9.2,669,0,0.97
54:32:00,0,27,24,664,8.9,641,0,0.97
54:34:00,0,27,25,666,8.9,642,0,0.96
54:36:00,0,26,25,679,9.1,677,0,1
54:38:00,0,25,28,821,10.9,810,0,0.99
54:41:00,0,25,22,604,8.1,589,0,0.97
54:43:00,0,28,26,657,8.8,632,0,0.96
54:45:00,0,27,23,643,8.6,613,0,0.95
54:49:00,0,16,21,704,9.4,659,0,0.94
54:52:00,0,23,23,708,9.4,676,0,0.95
54:54:00,0,26,25,765,10.2,721,0,0.94
54:56:00,0,27,24,658,8.8,632,0,0.96
54:58:00,0,28,25,682,9.1,655,0,0.96
55:01:00,0,24,24,712,9.5,693,0,0.97
55:03:00,0,26,23,613,8.2,583,0,0.95
55:05:00,0,27,26,758,10.1,721,0,0.95
55:08:00,0,25,24,663,8.8,633,0,0.95
55:10:00,0,27,23,689,9.2,660,0,0.96
55:12:00,0,24,24,775,10.3,719,0,0.93
55:15:00,0,27,24,732,9.8,700,0,0.96
55:17:00,0,30,26,736,9.8,699,0,0.95
55:19:00,0,28,26,793,10.6,752,0,0.95
55:21:00,0,27,23,636,8.5,604,0,0.95
55:23:00,0,27,24,694,9.2,659,0,0.95
55:25:00,0,28,23,626,8.4,600,0,0.96
55:28:00,0,24,24,714,9.5,691,0,0.97
55:30:00,0,24,21,640,8.5,588,0,0.92
55:32:00,0,27,26,789,10.5,716,0,0.91
55:35:00,0,26,24,735,9.8,675,0,0.92
55:37:00,0,25,26,739,9.9,686,0,0.93
55:39:00,0,28,25,714,9.5,671,0,0.94
55:41:00,0,28,25,748,10,718,0,0.96
55:44:00,0,19,26,796,10.6,794,0,1
55:47:00,0,27,22,602,8,599,0,1
55:49:00,0,25,22,669,8.9,646,0,0.97
55:51:00,0,27,23,670,8.9,638,0,0.95
55:54:00,0,24,25,767,10.2,713,0,0.93
55:56:00,0,23,24,723,9.6,700,0,0.97
55:59:00,0,22,27,796,10.6,797,0,1
56:01:00,0,26,22,631,8.4,616,0,0.98
56:04:00,0,25,21,603,8,580,0,0.96
56:06:00,0,26,19,514,6.9,493,0,0.96
56:08:00,0,26,22,660,8.8,609,0,0.92
56:11:00,0,24,23,739,9.9,682,0,0.92
56:13:00,0,24,22,683,9.1,644,0,0.94
56:16:00,0,24,23,680,9.1,628,0,0.92
56:18:00,0,27,23,694,9.3,642,0,0.93
56:20:00,0,25,24,752,10,694,0,0.92
56:22:00,0,31,23,646,8.6,599,0,0.93
56:27:00,0,13,35,948,12.6,1056,0,1.11
56:30:00,0,26,18,457,6.1,457,0,1
56:32:00,0,25,21,639,8.5,593,0,0.93
56:34:00,0,25,18,501,6.7,481,0,0.96
56:37:00,0,28,24,745,9.9,690,0,0.93
56:39:00,0,26,20,623,8.3,562,0,0.9
56:41:00,0,26,16,419,5.6,375,0,0.89
56:44:00,0,18,24,907,12.1,799,0,0.88
56:46:00,0,29,26,839,11.2,729,0,0.87
56:49:00,0,24,24,818,10.9,718,0,0.88
56:51:00,0,28,25,786,10.5,699,0,0.89
56:53:00,0,28,27,802,10.7,719,0,0.9
56:55:00,0,28,27,822,11,761,0,0.93
56:58:00,0,28,24,680,9.1,637,0,0.94
57:00:00,0,29,26,779,10.4,724,0,0.93
57:02:00,0,27,25,700,9.3,659,0,0.94
57:04:00,0,28,24,703,9.4,663,0,0.94
57:06:00,0,27,24,691,9.2,637,0,0.92
57:08:00,0,29,25,769,10.2,708,0,0.92
57:10:00,0,29,24,622,8.3,586,0,0.94
57:13:00,0,26,23,693,9.2,645,0,0.93
57:15:00,0,28,24,693,9.2,666,0,0.96
57:17:00,0,26,25,745,9.9,688,0,0.92
57:19:00,0,28,25,711,9.5,662,0,0.93
57:22:00,0,29,24,664,8.9,627,0,0.94
57:24:00,0,24,26,787,10.5,753,0,0.96
57:27:00,0,23,24,743,9.9,714,0,0.96
57:29:00,0,27,22,607,8.1,580,0,0.96
57:31:00,0,26,26,799,10.7,753,0,0.94
57:33:00,0,27,24,699,9.3,661,0,0.95
57:36:00,0,27,24,718,9.6,675,0,0.94
57:38:00,0,28,24,711,9.5,667,0,0.94
57:40:00,0,24,25,764,10.2,729,0,0.95
57:43:00,0,25,23,650,8.7,624,0,0.96
57:45:00,0,27,24,702,9.4,669,0,0.95
57:47:00,0,24,24,726,9.7,690,0,0.95
57:50:00,0,25,23,714,9.5,676,0,0.95
57:52:00,0,27,26,754,10.1,723,0,0.96
57:54:00,0,27,22,613,8.2,583,0,0.95
57:56:00,0,27,24,716,9.5,679,0,0.95
57:59:00,0,28,23,614,8.2,582,0,0.95
58:01:00,0,26,24,689,9.2,651,0,0.95
58:03:00,0,24,22,628,8.4,600,0,0.96
58:06:00,0,27,26,797,10.6,743,0,0.93
58:08:00,0,26,23,689,9.2,643,0,0.93
58:10:00,0,27,25,731,9.7,695,0,0.95
58:13:00,0,25,24,767,10.2,718,0,0.94
58:15:00,0,28,25,724,9.6,678,0,0.94
58:17:00,0,27,22,635,8.5,599,0,0.94
58:19:00,0,26,26,813,10.8,764,0,0.94
58:22:00,0,25,24,729,9.7,691,0,0.95
58:24:00,0,27,25,692,9.2,655,0,0.95
58:26:00,0,23,23,720,9.6,686,0,0.95
58:29:00,0,25,25,740,9.9,700,0,0.95
58:31:00,0,25,22,623,8.3,597,0,0.96
58:33:00,0,29,25,697,9.3,663,0,0.95
58:35:00,0,28,25,743,9.9,702,0,0.94
58:37:00,0,30,22,633,8.4,599,0,0.95
58:39:00,0,33,28,797,10.6,758,0,0.95
58:42:00,0,26,24,720,9.6,674,0,0.94
58:44:00,0,27,23,679,9.1,627,0,0.92
58:46:00,0,28,26,800,10.7,746,0,0.93
58:48:00,0,28,25,739,9.9,686,0,0.93
58:50:00,0,34,7,10,0.1,17,0,1.7
58:53:00,0,18,31,1093,14.6,1015,0,0.93
58:56:00,0,25,26,798,10.6,721,0,0.9
58:58:00,0,26,23,701,9.4,648,0,0.92
59:00:00,0,26,26,856,11.4,768,0,0.9
59:03:00,0,23,23,753,10,679,0,0.9
59:05:00,0,27,22,737,9.8,648,0,0.88
59:07:00,0,26,14,298,4,268,0,0.9
59:10:00,0,19,29,1116,14.9,979,0,0.88
59:13:00,0,24,25,819,10.9,742,0,0.91
59:15:00,0,25,25,821,10.9,757,0,0.92
59:18:00,0,24,24,729,9.7,688,0,0.94
59:20:00,0,24,25,733,9.8,708,0,0.97
59:23:00,0,28,25,708,9.4,683,0,0.96
59:25:00,0,25,25,765,10.2,741,0,0.97
59:27:00,0,28,26,732,9.8,707,0,0.97
59:29:00,0,25,25,735,9.8,705,0,0.96
59:32:00,0,25,26,725,9.7,709,0,0.98
59:34:00,0,25,25,710,9.5,679,0,0.96
59:36:00,0,27,24,670,8.9,649,0,0.97
59:39:00,0,26,27,754,10,729,0,0.97
59:41:00,0,25,24,679,9.1,669,0,0.99
59:43:00,0,27,23,627,8.4,613,0,0.98
59:46:00,0,26,25,707,9.4,675,0,0.95
59:48:00,0,24,24,704,9.4,682,0,0.97
59:50:00,0,27,26,737,9.8,707,0,0.96
59:53:00,0,24,23,687,9.2,664,0,0.97
59:55:00,0,26,23,626,8.3,612,0,0.98
59:58:00,0,26,24,665,8.9,635,0,0.95
1:00:00,0,26,24,742,9.9,701,0,0.95
1:00:02,0,27,23,705,9.4,654,0,0.93
1:00:05,0,25,22,668,8.9,613,0,0.92
1:00:07,0,28,26,786,10.5,730,0,0.93
1:00:09,0,26,23,641,8.6,608,0,0.95
1:00:11,0,26,28,814,10.9,770,0,0.95
1:00:13,0,27,24,683,9.1,652,0,0.95
1:00:15,0,30,25,670,8.9,642,0,0.96
1:00:18,0,27,27,771,10.3,738,0,0.96
1:00:22,0,13,32,875,11.7,937,0,1.07
1:00:24,0,31,19,408,5.4,419,0,1.03
1:00:27,0,24,18,494,6.6,480,0,0.97
1:00:29,0,25,19,528,7,497,0,0.94
1:00:31,0,26,20,546,7.3,521,0,0.96
1:00:34,0,25,21,621,8.3,551,0,0.89
1:00:36,0,30,23,707,9.4,618,0,0.87
1:00:38,0,24,22,732,9.8,638,0,0.87
1:00:41,0,23,20,660,8.8,569,0,0.86
1:00:43,0,26,23,774,10.3,663,0,0.86
1:00:45,0,27,24,796,10.6,694,0,0.87
1:00:48,0,29,23,684,9.1,602,0,0.88
1:00:50,0,24,23,688,9.2,621,0,0.9
1:00:52,0,26,23,702,9.4,627,0,0.89
1:00:54,0,29,27,781,10.4,696,0,0.89
1:00:57,0,28,26,767,10.2,699,0,0.91
1:00:59,0,27,24,687,9.2,633,0,0.92
1:01:01,0,26,23,709,9.4,648,0,0.91
1:01:03,0,28,23,680,9.1,628,0,0.92
1:01:05,0,28,25,749,10,691,0,0.92
1:01:08,0,27,23,685,9.1,636,0,0.93
1:01:10,0,26,24,721,9.6,673,0,0.93
1:01:12,0,27,24,704,9.4,651,0,0.93
1:01:15,0,25,25,808,10.8,737,0,0.91
1:01:16,0,32,7,20,0.3,29,0,1.4
1:01:20,0,18,29,977,13,909,0,0.93
1:01:22,0,23,26,863,11.5,789,0,0.91
1:01:25,0,26,23,705,9.4,646,0,0.92
1:01:27,0,28,24,742,9.9,681,0,0.92
1:01:29,0,26,24,740,9.9,679,0,0.92
1:01:31,0,28,25,741,9.9,685,0,0.92
1:01:33,0,29,25,709,9.4,656,0,0.93
1:01:35,0,30,26,721,9.6,671,0,0.93
1:01:38,0,27,26,746,9.9,704,0,0.94
1:01:40,0,29,26,754,10.1,721,0,0.96
1:01:42,0,30,25,714,9.5,665,0,0.93
1:01:44,0,26,25,734,9.8,676,0,0.92
1:01:46,0,27,25,718,9.6,679,0,0.95
1:01:48,0,26,22,618,8.2,584,0,0.95
1:01:51,0,28,26,766,10.2,718,0,0.94
1:01:53,0,28,23,634,8.5,589,0,0.93
1:01:55,0,26,25,686,9.1,635,0,0.93
1:01:57,0,30,27,774,10.3,739,0,0.96
1:01:59,0,27,23,644,8.6,604,0,0.94
1:02:01,0,28,25,704,9.4,657,0,0.93
1:02:03,0,29,25,717,9.6,684,0,0.95
1:02:06,0,28,23,632,8.4,590,0,0.93
1:02:08,0,27,24,673,9,620,0,0.92
1:02:10,0,29,27,759,10.1,719,0,0.95
1:02:12,0,27,23,662,8.8,618,0,0.93
1:02:14,0,34,26,717,9.6,669,0,0.93
1:02:17,0,24,25,775,10.3,730,0,0.94
1:02:19,0,28,27,774,10.3,738,0,0.95
1:02:21,0,28,24,634,8.5,601,0,0.95
1:02:23,0,28,26,692,9.2,670,0,0.97
1:02:25,0,30,25,628,8.4,607,0,0.97
1:02:28,0,21,21,594,7.9,587,0,0.99
1:02:30,0,27,22,626,8.3,604,0,0.97
1:02:32,0,29,24,692,9.2,660,0,0.95
1:02:35,0,27,27,795,10.6,765,0,0.96
1:02:37,0,23,21,649,8.6,615,0,0.95
1:02:39,0,28,22,641,8.6,612,0,0.95
1:02:42,0,22,25,749,10,729,0,0.97
1:02:44,0,26,26,708,9.4,677,0,0.96
1:02:47,0,26,21,562,7.5,535,0,0.95
1:02:49,0,27,26,756,10.1,725,0,0.96
1:02:51,0,30,25,691,9.2,643,0,0.93
1:02:53,0,25,22,636,8.5,600,0,0.94
1:02:55,0,28,24,684,9.1,648,0,0.95
1:02:58,0,24,23,732,9.8,692,0,0.94
1:03:00,0,25,23,674,9,635,0,0.94
1:03:02,0,28,25,725,9.7,681,0,0.94
1:03:05,0,27,22,629,8.4,597,0,0.95
1:03:07,0,27,27,831,11.1,766,0,0.92
1:03:09,0,26,22,649,8.7,600,0,0.92
1:03:11,0,28,24,672,9,633,0,0.94
1:03:14,0,24,23,666,8.9,634,0,0.95
1:03:16,0,27,27,809,10.8,755,0,0.93
1:03:18,0,27,23,654,8.7,607,0,0.93
1:03:20,0,27,23,674,9,629,0,0.93
1:03:23,0,24,23,717,9.6,662,0,0.92
1:03:25,0,28,24,685,9.1,635,0,0.93
1:03:28,0,24,23,736,9.8,681,0,0.92
1:03:30,0,25,25,775,10.3,719,0,0.93
1:03:32,0,29,27,783,10.4,724,0,0.93
1:03:34,0,26,21,551,7.3,545,0,0.99
1:03:37,0,28,26,760,10.1,708,0,0.93
1:03:39,0,25,22,666,8.9,612,0,0.92
1:03:42,0,21,27,768,10.2,756,0,0.98
1:03:44,0,25,22,619,8.3,597,0,0.96
1:03:47,0,20,18,547,7.3,501,0,0.92
1:03:50,0,24,21,660,8.8,602,0,0.91
1:03:52,0,27,24,691,9.2,621,0,0.9
1:03:54,0,24,26,869,11.6,768,0,0.88
1:03:57,0,25,23,714,9.5,645,0,0.9
1:03:59,0,26,24,673,9,632,0,0.94
1:04:01,0,26,25,718,9.6,648,0,0.9
1:04:04,0,24,22,682,9.1,627,0,0.92
1:04:06,0,27,24,740,9.9,683,0,0.92
1:04:09,0,26,26,791,10.6,730,0,0.92
1:04:11,0,24,23,734,9.8,680,0,0.93
1:04:13,0,27,22,625,8.3,573,0,0.92
1:04:15,0,29,25,727,9.7,654,0,0.9
1:04:18,0,29,26,772,10.3,690,0,0.89
1:04:20,0,28,23,661,8.8,612,0,0.93
1:04:22,0,27,26,754,10,686,0,0.91
1:04:24,0,26,26,740,9.9,696,0,0.94
1:04:27,0,26,26,759,10.1,703,0,0.93
1:04:29,0,28,25,650,8.7,625,0,0.96
1:04:31,0,25,24,698,9.3,673,0,0.96
1:04:33,0,28,25,660,8.8,630,0,0.95
1:04:35,0,27,23,615,8.2,591,0,0.96
1:04:38,0,27,24,679,9.1,661,0,0.97
1:04:40,0,27,21,508,6.8,482,0,0.95
1:04:42,0,24,17,449,6,433,0,0.96
