3:01,0,23,16,623,4,471,0,0.76
3:03,0,26,16,577,3.7,438,0,0.76
3:06,0,23,15,546,3.5,413,0,0.76
3:08,0,23,15,500,3.2,391,0,0.78
3:10,0,27,19,637,4.1,509,0,0.8
3:13,0,26,17,567,3.7,453,0,0.8
3:15,0,25,16,539,3.5,432,0,0.8
3:17,0,27,18,549,3.5,443,0,0.81
3:20,0,25,16,535,3.5,433,0,0.81
3:22,0,24,16,565,3.6,459,0,0.81
3:25,0,25,14,389,2.5,321,0,0.82
3:28,0,22,14,454,2.9,369,0,0.81
3:30,0,22,15,534,3.4,438,0,0.82
3:33,0,21,15,515,3.3,425,0,0.83
3:35,0,25,15,467,3,386,0,0.83
3:38,0,22,12,382,2.5,310,0,0.81
3:41,0,23,11,329,2.1,269,0,0.82
3:43,0,25,14,441,2.8,354,0,0.8
3:46,0,25,14,445,2.9,361,0,0.81
3:48,0,25,15,498,3.2,394,0,0.79
3:54,0,15,13,451,2.9,363,0,0.81
3:57,0,15,16,659,4.3,519,0,0.79
4:00,0,23,16,576,3.7,463,0,0.8
4:03,0,22,15,529,3.4,423,0,0.8
4:05,0,27,18,582,3.8,479,0,0.82
4:08,0,22,18,629,4.1,519,0,0.83
4:10,0,22,16,495,3.2,420,0,0.85
4:13,0,23,15,454,2.9,385,0,0.85
4:15,0,25,20,700,4.5,605,0,0.86
4:18,0,21,14,424,2.7,367,0,0.87
4:21,0,21,14,429,2.8,368,0,0.86
4:23,0,28,16,480,3.1,417,0,0.87
4:29,0,17,25,891,5.7,781,0,0.88
4:32,0,21,15,477,3.1,411,0,0.86
4:34,0,31,24,784,5.1,698,0,0.89
4:36,0,22,12,348,2.2,303,0,0.87
4:41,0,22,17,677,4.4,579,0,0.86
4:44,0,16,17,613,4,560,0,0.91
4:46,0,34,10,98,0.6,90,0,0.91
4:51,0,13,10,303,2,263,0,0.87
4:54,0,18,15,517,3.3,451,0,0.87
4:57,0,22,9,202,1.3,176,0,0.87
4:59,0,27,8,379,2.4,311,0,0.82
5:03,0,13,17,533,3.4,458,0,0.86
5:06,0,24,14,422,2.7,353,0,0.84
5:08,0,38,36,1285,8.3,1082,0,0.84
5:10,0,26,12,262,1.7,221,0,0.84
5:12,0,29,21,656,4.2,552,0,0.84
5:15,0,22,15,435,2.8,374,0,0.86
5:16,0,32,22,609,3.9,523,0,0.86
5:19,0,25,17,484,3.1,428,0,0.88
5:22,0,21,14,403,2.6,356,0,0.88
5:24,0,28,18,519,3.3,472,0,0.91
5:27,0,21,17,521,3.4,470,0,0.9
5:31,0,14,21,647,4.2,607,0,0.94
5:33,0,28,14,327,2.1,309,0,0.95
5:36,0,22,15,391,2.5,361,0,0.92
5:39,0,21,15,412,2.7,382,0,0.93
5:41,0,22,14,424,2.7,393,0,0.93
5:44,0,21,14,405,2.6,365,0,0.9
5:46,0,28,17,504,3.2,453,0,0.9
5:49,0,24,14,403,2.6,353,0,0.88
5:52,0,23,16,485,3.1,427,0,0.88
5:55,0,17,24,795,5.1,749,0,0.94
5:57,0,27,13,316,2,295,0,0.93
6:00,0,22,19,558,3.6,518,0,0.93
6:02,0,27,15,361,2.3,337,0,0.93
6:05,0,24,14,378,2.4,345,0,0.91
6:07,0,24,13,314,2,290,0,0.92
6:10,0,25,19,567,3.7,518,0,0.91
6:12,0,21,13,401,2.6,364,0,0.91
6:15,0,23,15,452,2.9,400,0,0.89
6:18,0,23,11,271,1.7,236,0,0.87
6:20,0,26,17,524,3.4,448,0,0.86
6:24,0,14,18,666,4.3,604,0,0.91
6:26,0,26,14,357,2.3,322,0,0.9
6:29,0,23,15,440,2.8,388,0,0.88
6:32,0,23,24,736,4.7,678,0,0.92
6:34,0,24,16,412,2.7,387,0,0.94
6:36,0,32,16,400,2.6,379,0,0.95
6:39,0,23,16,467,3,432,0,0.93
6:41,0,26,15,409,2.6,378,0,0.92
6:44,0,21,11,294,1.9,262,0,0.89
6:46,0,27,14,384,2.5,346,0,0.9
6:50,0,17,11,357,2.3,319,0,0.89
6:53,0,21,16,529,3.4,467,0,0.88
6:55,0,21,13,401,2.6,352,0,0.88
6:58,0,21,14,432,2.8,374,0,0.86
7:00,0,27,16,459,3,399,0,0.87
7:03,0,21,15,459,3,394,0,0.86
7:06,0,27,18,542,3.5,468,0,0.86
7:08,0,22,13,404,2.6,343,0,0.85
7:11,0,26,17,495,3.2,429,0,0.87
7:14,0,19,12,366,2.4,320,0,0.87
7:17,0,20,21,681,4.4,608,0,0.89
7:19,0,24,16,465,3,416,0,0.89
7:22,0,20,17,538,3.5,474,0,0.88
7:26,0,18,15,428,2.8,389,0,0.91
7:29,0,22,15,437,2.8,399,0,0.91
7:31,0,24,17,512,3.3,474,0,0.93
7:34,0,20,12,360,2.3,317,0,0.88
7:37,0,19,17,522,3.4,485,0,0.93
7:40,0,25,18,519,3.4,474,0,0.91
7:43,0,21,16,457,3,416,0,0.91
7:45,0,21,12,331,2.1,296,0,0.9
7:48,0,25,16,462,3,416,0,0.9
7:51,0,22,19,624,4,561,0,0.9
7:54,0,17,30,845,5.5,847,0,1
7:58,0,17,9,218,1.4,207,0,0.95
8:00,0,29,18,454,2.9,442,0,0.97
8:02,0,26,16,373,2.4,359,0,0.96
8:05,0,22,14,372,2.4,350,0,0.94
8:08,0,21,14,395,2.6,375,0,0.95
8:10,0,26,16,424,2.7,385,0,0.91
8:13,0,22,14,407,2.6,368,0,0.91
8:15,0,28,11,230,1.5,210,0,0.92
8:17,0,33,19,560,3.6,501,0,0.89
8:18,0,36,17,442,2.8,396,0,0.9
8:20,0,36,16,401,2.6,365,0,0.91
8:22,0,40,21,628,4.1,536,0,0.85
8:23,0,31,16,383,2.5,346,0,0.9
8:26,0,23,18,616,4,539,0,0.87
8:28,0,30,19,554,3.6,480,0,0.87
8:30,0,31,22,740,4.8,615,0,0.83
8:32,0,25,20,743,4.8,630,0,0.85
8:35,0,28,19,597,3.8,499,0,0.84
8:37,0,28,20,724,4.7,620,0,0.86
8:39,0,27,21,698,4.5,589,0,0.84
8:42,0,24,26,895,5.8,768,0,0.86
8:43,0,32,20,600,3.9,526,0,0.88
8:45,0,30,21,603,3.9,542,0,0.9
8:48,0,29,22,687,4.4,616,0,0.9
8:49,0,31,24,831,5.4,714,0,0.86
8:51,0,30,20,678,4.4,579,0,0.85
8:54,0,29,21,698,4.5,594,0,0.85
8:56,0,30,22,690,4.4,599,0,0.87
8:58,0,29,22,802,5.2,686,0,0.86
9:00,0,31,26,937,6,788,0,0.84
9:02,0,24,25,922,5.9,794,0,0.86
9:04,0,33,13,437,2.8,380,0,0.87
9:06,0,27,25,922,5.9,782,0,0.85
9:08,0,29,24,864,5.6,722,0,0.84
9:10,0,29,24,804,5.2,697,0,0.87
9:12,0,34,25,793,5.1,679,0,0.86
9:14,0,35,31,1069,6.9,932,0,0.87
9:16,0,29,24,815,5.3,710,0,0.87
9:18,0,30,24,817,5.3,716,0,0.88
9:20,0,30,23,787,5.1,674,0,0.86
9:22,0,32,27,979,6.3,840,0,0.86
9:24,0,29,23,771,5,670,0,0.87
9:26,0,30,25,849,5.5,743,0,0.88
9:28,0,30,27,935,6,810,0,0.87
9:30,0,31,22,751,4.8,648,0,0.86
9:32,0,30,26,938,6.1,812,0,0.87
9:33,0,36,28,916,5.9,794,0,0.87
9:35,0,29,27,957,6.2,848,0,0.89
9:38,0,26,24,850,5.5,751,0,0.88
9:40,0,32,29,1017,6.6,894,0,0.88
9:42,0,22,20,625,4,559,0,0.9
9:44,0,33,28,943,6.1,877,0,0.93
9:46,0,32,26,899,5.8,791,0,0.88
9:48,0,30,27,1030,6.6,901,0,0.87
9:50,0,29,25,917,5.9,794,0,0.87
9:52,0,31,27,935,6,840,0,0.9
9:54,0,29,25,868,5.6,773,0,0.89
9:56,0,31,29,1000,6.4,877,0,0.88
9:58,0,32,27,822,5.3,750,0,0.91
10:00,0,34,24,718,4.6,642,0,0.89
10:02,0,33,30,1073,6.9,963,0,0.9
10:04,0,29,26,890,5.7,801,0,0.9
10:06,0,28,26,938,6.1,838,0,0.89
10:08,0,29,24,826,5.3,743,0,0.9
10:10,0,30,26,920,5.9,816,0,0.89
10:12,0,28,27,923,6,843,0,0.91
10:14,0,24,27,973,6.3,881,0,0.91
10:17,0,26,24,856,5.5,777,0,0.91
10:19,0,31,28,961,6.2,874,0,0.91
10:21,0,26,23,753,4.9,714,0,0.95
10:23,0,31,29,1023,6.6,920,0,0.9
10:25,0,24,21,712,4.6,652,0,0.92
10:27,0,32,29,1007,6.5,946,0,0.94
10:29,0,28,23,740,4.8,682,0,0.92
10:32,0,29,24,806,5.2,716,0,0.89
10:33,0,31,29,1038,6.7,946,0,0.91
10:35,0,31,32,1152,7.4,1059,0,0.92
10:37,0,30,29,942,6.1,883,0,0.94
10:39,0,32,28,899,5.8,838,0,0.93
10:41,0,32,29,939,6.1,886,0,0.94
10:43,0,32,29,878,5.7,838,0,0.95
10:45,0,31,28,808,5.2,769,0,0.95
10:47,0,36,33,1018,6.6,973,0,0.96
10:49,0,30,26,773,5,773,0,1
10:50,0,31,29,897,5.8,867,0,0.97
10:52,0,30,28,920,5.9,872,0,0.95
10:54,0,31,29,972,6.3,910,0,0.94
10:56,0,29,27,886,5.7,831,0,0.94
10:58,0,30,30,1000,6.5,938,0,0.94
11:01,0,28,27,881,5.7,849,0,0.96
11:03,0,30,28,913,5.9,867,0,0.95
11:05,0,29,30,960,6.2,924,0,0.96
11:07,0,29,26,801,5.2,776,0,0.97
11:09,0,30,14,244,1.6,239,0,0.98
11:11,0,22,35,1348,8.7,1297,0,0.96
11:13,0,31,28,899,5.8,867,0,0.96
11:15,0,32,32,1058,6.8,1022,0,0.97
11:17,0,31,29,890,5.7,874,0,0.98
11:19,0,30,28,825,5.3,837,0,1.01
11:23,0,17,32,955,6.2,1026,0,1.07
11:25,0,29,25,695,4.5,709,0,1.02
11:27,0,29,27,827,5.3,842,0,1.02
11:29,0,31,26,812,5.2,792,0,0.98
11:31,0,31,25,808,5.2,776,0,0.96
11:33,0,30,26,820,5.3,785,0,0.96
11:35,0,32,26,845,5.5,801,0,0.95
11:37,0,30,25,835,5.4,794,0,0.95
11:38,0,34,28,882,5.7,833,0,0.95
11:41,0,28,27,923,6,878,0,0.95
11:42,0,33,29,914,5.9,861,0,0.94
11:44,0,30,25,747,4.8,711,0,0.95
11:46,0,32,30,987,6.4,919,0,0.93
11:48,0,32,29,904,5.8,859,0,0.95
11:50,0,36,33,1108,7.1,1058,0,0.95
11:52,0,31,26,830,5.4,775,0,0.93
11:54,0,32,29,960,6.2,920,0,0.96
11:56,0,29,26,806,5.2,774,0,0.96
11:58,0,31,26,742,4.8,733,0,0.99
11:59,0,31,30,960,6.2,927,0,0.97
12:01,0,33,29,905,5.8,872,0,0.96
12:03,0,31,29,902,5.8,885,0,0.98
12:05,0,31,28,841,5.4,819,0,0.97
12:07,0,33,14,172,1.1,179,0,1.04
12:10,0,22,34,1266,8.2,1198,0,0.95
12:12,0,26,31,1041,6.7,1005,0,0.97
12:14,0,30,27,888,5.7,853,0,0.96
12:16,0,28,25,793,5.1,769,0,0.97
12:18,0,33,28,894,5.8,861,0,0.96
12:20,0,31,28,875,5.6,850,0,0.97
12:22,0,31,26,842,5.4,807,0,0.96
12:24,0,31,27,879,5.7,826,0,0.94
12:26,0,32,28,923,6,872,0,0.94
12:27,0,34,30,948,6.1,896,0,0.95
12:29,0,30,29,962,6.2,933,0,0.97
12:32,0,28,24,799,5.2,766,0,0.96
12:34,0,31,31,987,6.4,970,0,0.98
12:36,0,27,26,838,5.4,820,0,0.98
12:38,0,28,25,773,5,734,0,0.95
12:40,0,28,27,905,5.8,880,0,0.97
12:42,0,31,28,958,6.2,909,0,0.95
12:44,0,30,26,798,5.1,759,0,0.95
12:46,0,29,28,916,5.9,897,0,0.98
12:48,0,29,29,909,5.9,882,0,0.97
12:50,0,30,30,968,6.2,941,0,0.97
12:52,0,30,27,808,5.2,810,0,1
12:54,0,31,27,807,5.2,793,0,0.98
12:56,0,31,27,869,5.6,843,0,0.97
12:58,0,30,27,855,5.5,820,0,0.96
13:00,0,31,27,845,5.5,809,0,0.96
13:02,0,32,28,934,6,897,0,0.96
13:04,0,31,28,882,5.7,848,0,0.96
13:06,0,31,29,918,5.9,883,0,0.96
13:08,0,29,27,839,5.4,831,0,0.99
13:10,0,32,29,863,5.6,849,0,0.98
13:11,0,37,28,805,5.2,780,0,0.97
13:13,0,30,25,805,5.2,768,0,0.95
13:15,0,28,23,704,4.5,667,0,0.95
13:18,0,27,23,756,4.9,720,0,0.95
13:20,0,29,26,887,5.7,838,0,0.94
13:21,0,34,29,962,6.2,913,0,0.95
13:23,0,32,28,900,5.8,861,0,0.96
13:25,0,34,31,1015,6.5,984,0,0.97
13:27,0,30,28,858,5.5,831,0,0.97
13:29,0,28,19,530,3.4,519,0,0.98
13:31,0,35,37,1367,8.8,1267,0,0.93
13:33,0,32,31,1072,6.9,1021,0,0.95
13:35,0,30,27,869,5.6,837,0,0.96
13:37,0,30,28,917,5.9,876,0,0.96
13:39,0,29,29,967,6.2,928,0,0.96
13:41,0,31,29,922,6,914,0,0.99
13:43,0,31,29,852,5.5,841,0,0.99
13:45,0,30,29,923,6,913,0,0.99
13:47,0,31,27,858,5.5,837,0,0.98
13:49,0,27,19,663,4.3,642,0,0.97
13:51,0,33,27,822,5.3,804,0,0.98
13:52,0,31,30,988,6.4,951,0,0.96
13:55,0,29,32,1055,6.8,1018,0,0.97
13:56,0,33,27,816,5.3,779,0,0.95
13:58,0,31,30,964,6.2,941,0,0.98
14:00,0,28,21,599,3.9,589,0,0.98
14:02,0,36,35,1198,7.7,1144,0,0.95
14:04,0,30,28,944,6.1,900,0,0.95
14:06,0,31,28,919,5.9,878,0,0.96
14:08,0,30,30,943,6.1,916,0,0.97
14:10,0,30,29,906,5.8,903,0,1
14:12,0,31,27,824,5.3,822,0,1
14:14,0,33,29,895,5.8,881,0,0.98
14:16,0,33,29,883,5.7,879,0,0.99
14:18,0,31,26,736,4.8,739,0,1
14:19,0,35,26,683,4.4,685,0,1
14:21,0,33,28,847,5.5,856,0,1.01
14:23,0,33,30,942,6.1,914,0,0.97
14:25,0,35,27,731,4.7,728,0,1
14:26,0,35,35,1100,7.1,1081,0,0.98
14:28,0,35,31,964,6.2,967,0,1
14:30,0,29,20,568,3.7,567,0,1
14:32,0,28,28,913,5.9,878,0,0.96
14:34,0,30,25,772,5,752,0,0.97
14:36,0,34,25,760,4.9,725,0,0.95
14:38,0,34,30,943,6.1,893,0,0.95
14:40,0,35,31,1049,6.8,1008,0,0.96
14:41,0,33,30,1008,6.5,962,0,0.95
14:43,0,30,26,807,5.2,770,0,0.95
14:45,0,32,27,845,5.4,818,0,0.97
14:47,0,30,28,913,5.9,884,0,0.97
14:49,0,32,30,956,6.2,925,0,0.97
14:51,0,34,29,908,5.9,887,0,0.98
14:53,0,30,29,941,6.1,914,0,0.97
14:55,0,32,28,885,5.7,867,0,0.98
14:57,0,30,26,824,5.3,810,0,0.98
14:59,0,33,33,1153,7.4,1133,0,0.98
15:01,0,31,29,832,5.4,829,0,1
15:02,0,34,34,1064,6.9,1061,0,1
15:04,0,28,28,860,5.5,875,0,1.02
15:06,0,30,28,874,5.6,873,0,1
15:08,0,31,32,950,6.1,979,0,1.03
15:10,0,30,29,861,5.6,898,0,1.04
15:12,0,31,32,914,5.9,966,0,1.06
15:14,0,31,33,986,6.4,1047,0,1.06
15:16,0,30,28,772,5,831,0,1.08
15:18,0,29,30,844,5.4,921,0,1.09
15:20,0,33,33,919,5.9,1001,0,1.09
15:22,0,31,30,810,5.2,879,0,1.08
15:24,0,31,29,831,5.4,906,0,1.09
15:26,0,30,29,798,5.1,857,0,1.07
15:28,0,30,27,722,4.7,785,0,1.09
15:30,0,31,25,679,4.4,733,0,1.08
15:32,0,29,27,786,5.1,841,0,1.07
15:34,0,30,27,764,4.9,811,0,1.06
15:36,0,30,28,823,5.3,866,0,1.05
15:38,0,30,28,779,5,822,0,1.06
15:40,0,28,28,833,5.4,873,0,1.05
15:42,0,29,27,779,5,827,0,1.06
15:44,0,26,23,776,5,827,0,1.07
15:47,0,29,28,831,5.4,872,0,1.05
15:49,0,30,27,765,4.9,805,0,1.05
15:51,0,29,29,845,5.5,893,0,1.06
15:53,0,29,27,792,5.1,832,0,1.05
15:55,0,29,29,868,5.6,914,0,1.05
15:57,0,29,29,836,5.4,888,0,1.06
15:59,0,30,30,844,5.4,897,0,1.06
16:01,0,29,30,826,5.3,904,0,1.1
16:03,0,28,28,800,5.2,872,0,1.09
16:05,0,32,33,912,5.9,1012,0,1.11
16:07,0,29,27,713,4.6,795,0,1.11
16:09,0,30,28,736,4.8,822,0,1.12
16:11,0,29,26,701,4.5,784,0,1.12
16:13,0,28,26,639,4.1,756,0,1.18
16:15,0,36,31,781,5,877,0,1.12
16:17,0,35,31,785,5.1,881,0,1.12
16:18,0,32,27,674,4.3,749,0,1.11
16:20,0,33,29,722,4.7,803,0,1.11
16:22,0,30,25,638,4.1,709,0,1.11
16:24,0,32,30,811,5.2,902,0,1.11
16:26,0,31,30,789,5.1,902,0,1.14
16:28,0,31,21,485,3.1,539,0,1.11
16:30,0,28,24,648,4.2,709,0,1.09
16:32,0,30,26,673,4.3,729,0,1.08
16:34,0,30,26,718,4.6,770,0,1.07
16:36,0,31,26,703,4.5,755,0,1.07
16:38,0,33,30,851,5.5,906,0,1.07
16:40,0,27,24,639,4.1,679,0,1.06
16:42,0,31,26,721,4.7,771,0,1.07
16:44,0,30,26,685,4.4,730,0,1.07
16:47,0,23,23,668,4.3,692,0,1.04
16:49,0,30,28,810,5.2,847,0,1.05
16:51,0,29,25,703,4.5,736,0,1.05
16:53,0,31,30,893,5.8,920,0,1.03
16:55,0,29,24,673,4.3,702,0,1.04
16:57,0,29,27,768,5,795,0,1.04
16:59,0,28,25,686,4.4,718,0,1.05
17:01,0,29,28,792,5.1,824,0,1.04
17:03,0,29,25,672,4.3,695,0,1.04
17:05,0,28,23,658,4.2,680,0,1.03
17:07,0,32,27,775,5,803,0,1.04
17:09,0,30,27,772,5,796,0,1.03
17:11,0,30,25,704,4.5,737,0,1.05
17:13,0,27,26,720,4.6,751,0,1.04
17:15,0,41,39,1079,7,1159,0,1.07
17:17,0,23,22,622,4,638,0,1.03
17:19,0,28,23,608,3.9,633,0,1.04
17:21,0,30,27,834,5.4,856,0,1.03
17:23,0,31,28,791,5.1,833,0,1.05
17:25,0,30,26,703,4.5,740,0,1.05
17:27,0,31,27,728,4.7,767,0,1.05
17:31,0,17,30,844,5.4,954,0,1.13
17:33,0,33,25,619,4,685,0,1.11
17:35,0,28,22,552,3.6,598,0,1.08
17:37,0,28,21,525,3.4,557,0,1.06
17:39,0,33,25,696,4.5,727,0,1.04
17:41,0,30,22,634,4.1,645,0,1.02
17:44,0,32,18,643,4.2,641,0,1
17:47,0,19,29,927,6,922,0,0.99
17:49,0,30,24,720,4.6,716,0,0.99
17:52,0,28,23,693,4.5,674,0,0.97
17:53,0,34,28,878,5.7,834,0,0.95
17:55,0,29,23,709,4.6,683,0,0.96
17:57,0,31,26,829,5.3,822,0,0.99
17:59,0,31,28,901,5.8,866,0,0.96
18:01,0,33,29,904,5.8,877,0,0.97
18:03,0,32,26,750,4.8,733,0,0.98
18:05,0,33,28,817,5.3,814,0,1
18:07,0,33,31,931,6,924,0,0.99
18:09,0,29,27,802,5.2,809,0,1.01
18:11,0,30,27,795,5.1,800,0,1.01
18:13,0,30,26,753,4.9,761,0,1.01
18:15,0,29,27,798,5.1,822,0,1.03
18:17,0,30,25,704,4.5,724,0,1.03
18:19,0,29,27,752,4.9,778,0,1.03
18:21,0,29,26,732,4.7,761,0,1.04
18:23,0,30,27,744,4.8,775,0,1.04
18:25,0,33,30,858,5.5,896,0,1.04
18:27,0,24,23,651,4.2,718,0,1.1
18:29,0,29,26,733,4.7,752,0,1.03
18:31,0,29,15,258,1.7,271,0,1.05
18:34,0,23,28,920,5.9,934,0,1.02
18:36,0,30,24,646,4.2,695,0,1.08
18:38,0,30,25,718,4.6,720,0,1
18:40,0,29,23,702,4.5,700,0,1
18:42,0,34,30,872,5.6,880,0,1.01
18:44,0,33,29,827,5.3,852,0,1.03
18:46,0,29,26,739,4.8,768,0,1.04
18:48,0,26,23,651,4.2,701,0,1.08
18:50,0,30,27,727,4.7,755,0,1.04
18:53,0,26,23,633,4.1,657,0,1.04
18:55,0,28,24,674,4.3,696,0,1.03
18:57,0,30,26,763,4.9,781,0,1.02
18:58,0,34,29,764,4.9,787,0,1.03
19:00,0,38,32,918,5.9,946,0,1.03
19:02,0,29,25,724,4.7,743,0,1.03
19:04,0,29,26,731,4.7,749,0,1.02
19:06,0,29,25,682,4.4,697,0,1.02
19:08,0,30,25,710,4.6,724,0,1.02
19:10,0,29,26,722,4.7,737,0,1.02
19:12,0,29,24,658,4.2,680,0,1.03
19:14,0,29,24,664,4.3,680,0,1.02
19:17,0,29,25,699,4.5,711,0,1.02
19:18,0,31,24,685,4.4,697,0,1.02
19:20,0,30,25,692,4.5,704,0,1.02
19:23,0,30,25,702,4.5,716,0,1.02
19:24,0,30,27,794,5.1,815,0,1.03
19:26,0,31,26,748,4.8,761,0,1.02
19:28,0,30,25,720,4.6,736,0,1.02
19:30,0,29,25,685,4.4,705,0,1.03
19:33,0,29,25,726,4.7,745,0,1.03
19:35,0,29,24,676,4.4,688,0,1.02
19:37,0,31,25,729,4.7,736,0,1.01
19:39,0,30,26,729,4.7,761,0,1.04
19:41,0,28,18,395,2.5,407,0,1.03
19:43,0,22,30,1056,6.8,1048,0,0.99
19:45,0,31,25,656,4.2,674,0,1.03
19:49,0,27,34,1124,7.3,1116,0,0.99
19:51,0,31,29,873,5.6,895,0,1.02
19:53,0,29,26,738,4.8,787,0,1.07
19:55,0,30,26,732,4.7,755,0,1.03
19:57,0,27,28,786,5.1,825,0,1.05
19:59,0,26,21,556,3.6,618,0,1.11
20:01,0,32,29,869,5.6,892,0,1.03
20:03,0,29,23,648,4.2,673,0,1.04
20:06,0,24,19,523,3.4,550,0,1.05
20:08,0,29,28,866,5.6,879,0,1.02
20:10,0,27,27,800,5.2,823,0,1.03
20:12,0,28,25,679,4.4,708,0,1.04
20:15,0,27,24,706,4.6,726,0,1.03
20:16,0,31,32,948,6.1,976,0,1.03
20:18,0,32,25,633,4.1,659,0,1.04
20:20,0,28,25,715,4.6,766,0,1.07
20:23,0,27,23,654,4.2,684,0,1.05
20:25,0,30,26,761,4.9,777,0,1.02
20:27,0,29,24,686,4.4,712,0,1.04
20:29,0,29,28,828,5.3,853,0,1.03
20:31,0,29,24,658,4.2,684,0,1.04
20:33,0,30,26,774,5,797,0,1.03
20:35,0,30,25,706,4.6,726,0,1.03
20:37,0,32,30,917,5.9,950,0,1.04
20:39,0,28,23,620,4,650,0,1.05
20:41,0,28,25,638,4.1,677,0,1.06
20:43,0,28,26,714,4.6,749,0,1.05
20:45,0,30,13,182,1.2,198,0,1.08
20:48,0,20,29,996,6.4,1016,0,1.02
20:51,0,28,24,692,4.5,714,0,1.03
20:53,0,29,28,855,5.5,877,0,1.03
20:55,0,30,27,773,5,799,0,1.03
20:57,0,29,24,645,4.2,676,0,1.05
20:59,0,31,26,700,4.5,738,0,1.06
21:01,0,27,24,629,4.1,687,0,1.09
21:03,0,28,23,664,4.3,688,0,1.04
21:05,0,28,26,730,4.7,771,0,1.06
21:07,0,29,25,681,4.4,713,0,1.05
21:09,0,28,23,655,4.2,684,0,1.04
21:12,0,28,24,660,4.3,684,0,1.04
21:14,0,29,25,709,4.6,733,0,1.03
21:16,0,25,25,745,4.8,775,0,1.04
21:18,0,30,28,800,5.2,820,0,1.02
21:20,0,26,20,513,3.3,529,0,1.03
21:22,0,30,27,812,5.2,834,0,1.03
21:25,0,25,21,593,3.8,616,0,1.04
21:28,0,17,31,874,5.6,975,0,1.12
21:30,0,29,20,481,3.1,522,0,1.09
21:33,0,28,23,575,3.7,618,0,1.08
21:35,0,28,25,674,4.3,719,0,1.07
21:37,0,22,18,510,3.3,540,0,1.06
21:39,0,29,21,606,3.9,611,0,1.01
21:42,0,24,17,469,3,472,0,1
21:44,0,28,22,675,4.4,669,0,0.99
21:46,0,29,23,661,4.3,640,0,0.97
21:48,0,30,24,733,4.7,709,0,0.97
21:51,0,25,21,638,4.1,610,0,0.96
21:53,0,32,30,1013,6.5,976,0,0.96
21:55,0,29,24,671,4.3,652,0,0.97
21:57,0,27,25,779,5,758,0,0.97
21:59,0,28,25,711,4.6,707,0,0.99
22:01,0,30,27,787,5.1,780,0,0.99
22:03,0,31,25,730,4.7,721,0,0.99
22:05,0,30,25,721,4.7,712,0,0.99
22:07,0,28,22,610,3.9,612,0,1
22:09,0,29,23,659,4.3,654,0,0.99
22:11,0,31,26,789,5.1,775,0,0.98
22:13,0,26,21,623,4,618,0,0.99
22:15,0,28,25,774,5,758,0,0.98
22:18,0,26,24,755,4.9,737,0,0.98
22:20,0,24,24,740,4.8,727,0,0.98
22:22,0,29,28,850,5.5,854,0,1
22:25,0,21,18,507,3.3,510,0,1.01
22:27,0,29,27,849,5.5,849,0,1
22:30,0,26,22,641,4.1,641,0,1
22:32,0,26,21,633,4.1,621,0,0.98
22:34,0,30,25,764,4.9,751,0,0.98
22:36,0,29,24,730,4.7,717,0,0.98
22:38,0,25,20,560,3.6,565,0,1.01
22:40,0,31,25,754,4.9,737,0,0.98
22:42,0,29,22,639,4.1,613,0,0.96
22:44,0,28,21,629,4.1,599,0,0.95
22:47,0,29,23,712,4.6,678,0,0.95
22:49,0,27,20,614,4,595,0,0.97
22:51,0,35,31,1006,6.5,975,0,0.97
22:53,0,29,25,774,5,746,0,0.96
22:55,0,28,24,680,4.4,666,0,0.98
22:57,0,25,21,612,4,599,0,0.98
22:59,0,28,25,720,4.6,712,0,0.99
23:01,0,32,23,580,3.7,580,0,1
23:04,0,21,31,1018,6.6,1044,0,1.03
23:06,0,24,21,534,3.4,555,0,1.04
23:09,0,28,23,646,4.2,665,0,1.03
23:11,0,28,21,571,3.7,592,0,1.04
23:13,0,28,20,548,3.5,533,0,0.97
23:15,0,28,21,646,4.2,623,0,0.96
23:20,0,20,33,1156,7.5,1131,0,0.98
23:22,0,25,21,656,4.2,632,0,0.96
23:24,0,28,23,675,4.4,649,0,0.96
23:27,0,27,26,832,5.4,805,0,0.97
23:29,0,28,25,740,4.8,729,0,0.99
23:31,0,29,26,766,4.9,759,0,0.99
23:33,0,30,26,779,5,771,0,0.99
23:35,0,29,26,725,4.7,758,0,1.05
23:37,0,29,25,713,4.6,720,0,1.01
23:39,0,29,24,663,4.3,670,0,1.01
23:41,0,30,25,731,4.7,736,0,1.01
23:44,0,25,19,538,3.5,555,0,1.03
23:46,0,30,25,712,4.6,714,0,1
23:48,0,28,25,722,4.7,718,0,0.99
23:50,0,28,24,675,4.4,664,0,0.98
23:52,0,29,25,729,4.7,714,0,0.98
23:54,0,28,22,610,3.9,601,0,0.99
23:56,0,33,23,584,3.8,583,0,1
23:59,0,23,19,542,3.5,553,0,1.02
24:01:00,0,29,24,690,4.5,669,0,0.97
24:03:00,0,30,24,683,4.4,670,0,0.98
24:05:00,0,28,23,718,4.6,697,0,0.97
24:07:00,0,32,23,571,3.7,571,0,1
24:09:00,0,23,20,607,3.9,602,0,0.99
24:12:00,0,27,25,770,5,761,0,0.99
24:14:00,0,27,24,767,5,752,0,0.98
24:17:00,0,21,23,741,4.8,739,0,1
24:19:00,0,27,22,625,4,621,0,0.99
24:21:00,0,28,22,644,4.2,640,0,0.99
24:23:00,0,31,21,626,4,599,0,0.96
24:25:00,0,27,21,614,4,587,0,0.96
24:27:00,0,33,28,866,5.6,829,0,0.96
24:29:00,0,28,26,845,5.5,805,0,0.95
24:31:00,0,29,25,741,4.8,710,0,0.96
24:33:00,0,28,26,778,5,761,0,0.98
24:35:00,0,31,23,609,3.9,610,0,1
24:37:00,0,28,25,782,5,769,0,0.98
24:39:00,0,28,22,628,4,600,0,0.96
24:45:00,0,15,28,975,6.3,951,0,0.98
24:47:00,0,30,24,647,4.2,646,0,1
24:49:00,0,30,24,667,4.3,651,0,0.98
24:51:00,0,22,26,837,5.4,833,0,0.99
24:54:00,0,27,24,687,4.4,680,0,0.99
24:56:00,0,28,24,675,4.4,669,0,0.99
24:58:00,0,28,24,633,4.1,617,0,0.97
25:00:00,0,27,22,624,4,617,0,0.99
25:02:00,0,28,24,689,4.4,675,0,0.98
25:05:00,0,26,23,683,4.4,670,0,0.98
25:07:00,0,27,23,705,4.6,692,0,0.98
25:09:00,0,26,21,624,4,617,0,0.99
25:12:00,0,20,20,669,4.3,640,0,0.96
25:14:00,0,27,26,780,5,758,0,0.97
25:17:00,0,27,24,699,4.5,688,0,0.98
25:18:00,0,32,27,742,4.8,742,0,1
25:21:00,0,28,24,665,4.3,669,0,1
25:23:00,0,29,25,721,4.6,716,0,0.99
25:24:00,0,38,25,579,3.7,577,0,1
25:27:00,0,22,21,645,4.2,654,0,1.01
25:29:00,0,29,25,731,4.7,743,0,1.02
25:31:00,0,35,25,657,4.2,652,0,0.99
25:33:00,0,27,22,640,4.1,642,0,1
25:35:00,0,27,22,646,4.2,644,0,1
25:37:00,0,27,20,574,3.7,575,0,1
25:40:00,0,27,22,654,4.2,642,0,0.98
25:42:00,0,27,24,704,4.5,689,0,0.98
25:44:00,0,27,22,614,4,594,0,0.97
25:47:00,0,24,18,497,3.2,496,0,1
25:49:00,0,29,28,885,5.7,853,0,0.96
25:50:00,0,32,29,859,5.5,825,0,0.96
25:53:00,0,28,26,791,5.1,784,0,0.99
25:55:00,0,24,21,589,3.8,590,0,1
25:57:00,0,29,27,832,5.4,823,0,0.99
25:59:00,0,28,23,625,4,624,0,1
26:01:00,0,31,26,730,4.7,729,0,1
26:03:00,0,28,23,688,4.4,697,0,1.01
26:06:00,0,28,21,602,3.9,594,0,0.99
26:08:00,0,28,23,691,4.5,675,0,0.98
26:10:00,0,29,24,718,4.6,692,0,0.96
26:11:00,0,36,30,903,5.8,882,0,0.98
26:13:00,0,34,21,516,3.3,503,0,0.98
26:16:00,0,23,20,624,4,607,0,0.97
26:18:00,0,28,25,788,5.1,758,0,0.96
26:20:00,0,28,24,679,4.4,666,0,0.98
26:23:00,0,24,22,680,4.4,654,0,0.96
26:24:00,0,32,27,767,4.9,757,0,0.99
26:27:00,0,28,23,662,4.3,666,0,1.01
26:29:00,0,28,24,711,4.6,688,0,0.97
26:31:00,0,29,22,644,4.2,629,0,0.98
26:33:00,0,33,25,719,4.6,711,0,0.99
26:35:00,0,27,22,631,4.1,625,0,0.99
26:37:00,0,28,24,696,4.5,698,0,1
26:39:00,0,29,25,769,5,747,0,0.97
26:41:00,0,32,23,568,3.7,558,0,0.98
26:46:00,0,20,33,1104,7.1,1084,0,0.98
26:48:00,0,29,24,684,4.4,668,0,0.98
26:50:00,0,31,25,690,4.5,677,0,0.98
26:52:00,0,29,22,652,4.2,639,0,0.98
26:54:00,0,32,28,811,5.2,794,0,0.98
26:56:00,0,29,26,739,4.8,720,0,0.97
26:58:00,0,29,24,675,4.4,668,0,0.99
27:00:00,0,27,25,753,4.9,747,0,0.99
27:02:00,0,26,21,543,3.5,541,0,1
27:04:00,0,30,23,609,3.9,599,0,0.98
27:06:00,0,33,29,831,5.4,828,0,1
27:08:00,0,28,22,615,4,627,0,1.02
27:10:00,0,29,22,626,4,623,0,1
27:12:00,0,32,23,625,4,615,0,0.98
27:15:00,0,25,23,678,4.4,668,0,0.99
27:16:00,0,31,26,784,5.1,763,0,0.97
27:19:00,0,28,25,688,4.4,690,0,1
27:21:00,0,25,20,546,3.5,540,0,0.99
27:23:00,0,27,20,535,3.5,524,0,0.98
27:25:00,0,28,20,535,3.5,521,0,0.97
27:28:00,0,28,24,741,4.8,713,0,0.96
27:29:00,0,32,24,654,4.2,629,0,0.96
27:32:00,0,28,21,666,4.3,622,0,0.93
27:34:00,0,30,25,841,5.4,797,0,0.95
27:36:00,0,31,26,771,5,729,0,0.95
27:38:00,0,22,42,1220,7.9,1261,0,1.03
27:40:00,0,35,21,499,3.2,505,0,1.01
27:42:00,0,28,23,586,3.8,610,0,1.04
27:44:00,0,28,19,456,2.9,469,0,1.03
27:47:00,0,28,19,470,3,474,0,1.01
27:49:00,0,30,17,409,2.6,405,0,0.99
27:51:00,0,28,24,771,5,737,0,0.96
27:53:00,0,27,18,481,3.1,467,0,0.97
27:55:00,0,29,21,657,4.2,617,0,0.94
28:00:00,0,18,28,988,6.4,932,0,0.94
28:03:00,0,21,35,1201,7.7,1184,0,0.99
28:06:00,0,23,27,783,5,821,0,1.05
28:08:00,0,28,30,837,5.4,878,0,1.05
28:10:00,0,27,19,453,2.9,461,0,1.02
28:12:00,0,28,20,542,3.5,544,0,1
28:14:00,0,28,21,599,3.9,591,0,0.99
28:16:00,0,28,20,529,3.4,508,0,0.96
28:19:00,0,27,20,599,3.9,569,0,0.95
28:21:00,0,23,23,741,4.8,717,0,0.97
28:23:00,0,28,19,568,3.7,539,0,0.95
28:25:00,0,34,17,447,2.9,414,0,0.93
28:28:00,0,23,19,639,4.1,578,0,0.9
28:30:00,0,35,20,563,3.6,520,0,0.92
28:33:00,0,19,16,547,3.5,495,0,0.91
28:35:00,0,24,17,502,3.2,453,0,0.9
28:38:00,0,20,20,775,5,691,0,0.89
28:40:00,0,27,23,767,4.9,671,0,0.88
28:43:00,0,24,19,670,4.3,599,0,0.89
28:46:00,0,24,22,742,4.8,674,0,0.91
28:48:00,0,27,22,735,4.7,650,0,0.88
28:50:00,0,27,23,757,4.9,679,0,0.9
28:52:00,0,30,24,767,4.9,690,0,0.9
28:54:00,0,28,24,767,4.9,721,0,0.94
28:56:00,0,33,25,740,4.8,661,0,0.89
28:58:00,0,27,25,806,5.2,759,0,0.94
29:01:00,0,23,18,579,3.7,538,0,0.93
29:03:00,0,26,26,841,5.4,790,0,0.94
29:05:00,0,33,28,818,5.3,784,0,0.96
29:07:00,0,29,30,958,6.2,931,0,0.97
29:09:00,0,27,23,668,4.3,648,0,0.97
29:11:00,0,27,22,621,4,610,0,0.98
29:13:00,0,29,24,711,4.6,685,0,0.96
29:15:00,0,29,24,712,4.6,679,0,0.95
29:18:00,0,28,24,740,4.8,715,0,0.97
29:19:00,0,35,26,731,4.7,713,0,0.98
29:22:00,0,25,20,595,3.8,581,0,0.98
29:23:00,0,36,26,756,4.9,715,0,0.95
29:26:00,0,23,21,658,4.2,630,0,0.96
29:28:00,0,29,21,586,3.8,552,0,0.94
29:30:00,0,32,22,664,4.3,635,0,0.96
29:32:00,0,27,23,698,4.5,654,0,0.94
29:34:00,0,27,22,706,4.6,670,0,0.95
29:37:00,0,24,21,630,4.1,604,0,0.96
29:39:00,0,26,21,627,4,588,0,0.94
29:42:00,0,26,24,806,5.2,755,0,0.94
29:44:00,0,29,22,653,4.2,611,0,0.94
29:46:00,0,28,24,772,5,731,0,0.95
29:48:00,0,29,24,702,4.5,669,0,0.95
29:50:00,0,31,23,637,4.1,605,0,0.95
29:53:00,0,22,20,664,4.3,645,0,0.97
29:55:00,0,24,20,653,4.2,616,0,0.94
29:57:00,0,30,25,795,5.1,751,0,0.95
30:00:00,0,23,20,771,5,722,0,0.94
30:02:00,0,29,24,711,4.6,671,0,0.94
30:04:00,0,25,26,878,5.7,825,0,0.94
30:06:00,0,27,26,812,5.2,778,0,0.96
30:08:00,0,30,27,782,5,756,0,0.97
30:10:00,0,29,23,675,4.4,654,0,0.97
30:13:00,0,27,24,695,4.5,691,0,0.99
30:14:00,0,33,24,617,4,600,0,0.97
30:17:00,0,27,24,734,4.7,731,0,1
30:19:00,0,27,23,656,4.2,654,0,1
30:21:00,0,27,24,700,4.5,689,0,0.98
30:23:00,0,27,23,653,4.2,645,0,0.99
30:26:00,0,27,23,625,4,625,0,1
30:28:00,0,27,24,693,4.5,685,0,0.99
30:30:00,0,26,23,615,4,616,0,1
30:32:00,0,27,26,732,4.7,748,0,1.02
30:34:00,0,27,30,845,5.5,897,0,1.06
30:37:00,0,28,23,578,3.7,600,0,1.04
30:39:00,0,26,20,532,3.4,551,0,1.04
30:41:00,0,27,20,515,3.3,516,0,1
30:43:00,0,26,19,509,3.3,504,0,0.99
30:46:00,0,26,17,437,2.8,429,0,0.98
30:48:00,0,26,18,533,3.4,493,0,0.93
30:50:00,0,27,18,545,3.5,511,0,0.94
30:52:00,0,27,20,624,4,587,0,0.94
30:55:00,0,26,23,696,4.5,646,0,0.93
30:57:00,0,23,18,632,4.1,578,0,0.92
30:59:00,0,32,21,604,3.9,566,0,0.94
31:02:00,0,26,20,662,4.3,618,0,0.93
31:04:00,0,23,18,561,3.6,529,0,0.94
31:06:00,0,33,22,649,4.2,592,0,0.91
31:08:00,0,27,23,750,4.8,698,0,0.93
31:10:00,0,26,21,625,4,592,0,0.95
31:13:00,0,27,23,737,4.8,681,0,0.93
31:15:00,0,26,21,634,4.1,589,0,0.93
31:17:00,0,27,21,669,4.3,624,0,0.93
31:19:00,0,27,22,686,4.4,632,0,0.92
31:22:00,0,27,21,643,4.2,590,0,0.92
31:24:00,0,27,23,755,4.9,695,0,0.92
31:26:00,0,27,28,862,5.6,819,0,0.95
31:28:00,0,27,22,650,4.2,616,0,0.95
31:32:00,0,16,25,741,4.8,755,0,1.02
31:35:00,0,27,19,558,3.6,563,0,1.01
31:36:00,0,33,19,443,2.9,455,0,1.03
31:39:00,0,21,16,469,3,466,0,0.99
31:42:00,0,21,19,607,3.9,575,0,0.95
31:44:00,0,27,20,544,3.5,506,0,0.93
31:47:00,0,24,16,441,2.8,408,0,0.93
31:49:00,0,27,20,660,4.3,590,0,0.89
31:51:00,0,28,23,716,4.6,642,0,0.9
31:53:00,0,30,24,791,5.1,709,0,0.9
31:55:00,0,26,19,605,3.9,547,0,0.9
31:58:00,0,24,23,808,5.2,727,0,0.9
32:00:00,0,33,26,753,4.9,685,0,0.91
32:02:00,0,27,24,786,5.1,732,0,0.93
32:04:00,0,28,21,607,3.9,554,0,0.91
32:06:00,0,32,26,861,5.6,790,0,0.92
32:08:00,0,26,17,435,2.8,400,0,0.92
32:10:00,0,32,31,1077,6.9,988,0,0.92
32:12:00,0,31,30,962,6.2,907,0,0.94
32:14:00,0,34,29,880,5.7,828,0,0.94
32:16:00,0,28,26,770,5,762,0,0.99
32:18:00,0,30,27,811,5.2,773,0,0.95
32:20:00,0,32,29,812,5.2,809,0,1
32:22:00,0,34,24,648,4.2,664,0,1.02
32:24:00,0,28,23,669,4.3,675,0,1.01
32:26:00,0,36,25,617,4,623,0,1.01
32:27:00,0,33,25,659,4.2,669,0,1.02
32:30:00,0,25,22,624,4,626,0,1
32:31:00,0,50,33,871,5.6,849,0,0.97
32:35:00,0,22,33,1095,7.1,1070,0,0.98
32:37:00,0,27,24,684,4.4,708,0,1.03
32:40:00,0,29,26,764,4.9,733,0,0.96
32:41:00,0,31,25,682,4.4,671,0,0.98
32:44:00,0,26,22,623,4,616,0,0.99
32:46:00,0,30,23,688,4.4,679,0,0.99
32:48:00,0,33,25,697,4.5,683,0,0.98
32:50:00,0,27,22,639,4.1,633,0,0.99
32:52:00,0,27,21,607,3.9,586,0,0.96
32:54:00,0,26,20,584,3.8,560,0,0.96
32:57:00,0,26,22,677,4.4,642,0,0.95
32:59:00,0,27,23,722,4.7,677,0,0.94
33:01:00,0,26,25,768,5,733,0,0.95
33:03:00,0,28,23,651,4.2,617,0,0.95
33:06:00,0,26,24,710,4.6,697,0,0.98
33:08:00,0,27,21,599,3.9,578,0,0.96
33:10:00,0,27,23,698,4.5,663,0,0.95
33:12:00,0,27,12,224,1.4,215,0,0.96
33:15:00,0,22,31,1119,7.2,1061,0,0.95
33:17:00,0,33,25,713,4.6,689,0,0.97
33:19:00,0,27,25,782,5,759,0,0.97
33:21:00,0,29,22,607,3.9,582,0,0.96
33:23:00,0,28,23,686,4.4,663,0,0.97
33:25:00,0,31,26,742,4.8,723,0,0.97
33:27:00,0,33,28,845,5.5,823,0,0.97
33:29:00,0,28,24,698,4.5,709,0,1.02
33:32:00,0,27,25,735,4.7,718,0,0.98
33:34:00,0,29,23,638,4.1,626,0,0.98
33:36:00,0,29,25,753,4.9,734,0,0.98
33:38:00,0,33,24,626,4,634,0,1.01
33:40:00,0,28,25,754,4.9,728,0,0.97
33:42:00,0,30,25,677,4.4,660,0,0.98
33:43:00,0,37,28,788,5.1,753,0,0.96
33:46:00,0,27,28,777,5,803,0,1.03
33:48:00,0,28,27,771,5,764,0,0.99
33:50:00,0,27,24,640,4.1,639,0,1
33:52:00,0,24,18,444,2.9,449,0,1.01
33:54:00,0,30,29,921,5.9,887,0,0.96
33:56:00,0,29,26,738,4.8,737,0,1
33:58:00,0,30,28,799,5.2,835,0,1.04
34:00:00,0,32,29,791,5.1,794,0,1
34:03:00,0,27,24,677,4.4,672,0,0.99
34:04:00,0,31,27,756,4.9,768,0,1.02
34:07:00,0,29,24,665,4.3,674,0,1.01
34:08:00,0,32,28,758,4.9,776,0,1.02
34:11:00,0,27,22,590,3.8,604,0,1.02
34:13:00,0,28,24,654,4.2,661,0,1.01
34:15:00,0,34,24,592,3.8,593,0,1
34:17:00,0,26,20,558,3.6,558,0,1
34:19:00,0,32,19,456,2.9,444,0,0.97
34:21:00,0,26,19,553,3.6,541,0,0.98
34:24:00,0,22,19,580,3.7,558,0,0.96
34:26:00,0,26,20,622,4,596,0,0.96
34:28:00,0,29,25,812,5.2,758,0,0.93
34:31:00,0,20,30,893,5.8,898,0,1.01
34:34:00,0,19,18,528,3.4,520,0,0.99
34:36:00,0,29,18,430,2.8,421,0,0.98
34:39:00,0,22,21,675,4.4,644,0,0.95
34:42:00,0,19,21,715,4.6,701,0,0.98
34:44:00,0,33,23,595,3.8,552,0,0.93
34:46:00,0,37,24,682,4.4,630,0,0.92
34:48:00,0,27,21,698,4.5,646,0,0.93
34:50:00,0,27,21,639,4.1,586,0,0.92
34:53:00,0,27,21,616,4,560,0,0.91
34:55:00,0,27,21,624,4,569,0,0.91
34:57:00,0,28,22,650,4.2,587,0,0.9
34:59:00,0,30,23,725,4.7,648,0,0.89
35:00:00,0,37,30,959,6.2,863,0,0.9
35:03:00,0,27,21,586,3.8,561,0,0.96
35:04:00,0,43,25,574,3.7,531,0,0.92
35:06:00,0,26,20,594,3.8,559,0,0.94
35:09:00,0,27,24,764,4.9,702,0,0.92
35:11:00,0,27,20,580,3.7,540,0,0.93
35:13:00,0,28,22,650,4.2,591,0,0.91
35:15:00,0,33,27,823,5.3,753,0,0.91
35:16:00,0,37,25,691,4.5,634,0,0.92
35:19:00,0,25,23,729,4.7,700,0,0.96
35:21:00,0,32,27,817,5.3,765,0,0.94
35:23:00,0,25,18,502,3.2,474,0,0.94
35:25:00,0,33,33,1115,7.2,1044,0,0.94
35:27:00,0,26,24,708,4.6,712,0,1.01
35:29:00,0,29,28,834,5.4,805,0,0.97
35:31:00,0,32,27,717,4.6,690,0,0.96
35:33:00,0,33,25,695,4.5,676,0,0.97
35:35:00,0,32,29,840,5.4,825,0,0.98
35:37:00,0,31,26,715,4.6,685,0,0.96
35:39:00,0,31,25,669,4.3,648,0,0.97
35:41:00,0,31,25,747,4.8,716,0,0.96
35:43:00,0,33,26,695,4.5,682,0,0.98
35:45:00,0,27,21,580,3.7,578,0,1
35:47:00,0,30,24,651,4.2,624,0,0.96
35:49:00,0,29,24,697,4.5,656,0,0.94
35:51:00,0,30,22,657,4.2,618,0,0.94
35:53:00,0,33,26,761,4.9,708,0,0.93
35:55:00,0,29,24,761,4.9,714,0,0.94
35:57:00,0,27,22,649,4.2,613,0,0.95
35:59:00,0,27,25,730,4.7,684,0,0.94
36:02:00,0,21,22,722,4.7,660,0,0.91
36:04:00,0,35,28,772,5,743,0,0.96
36:06:00,0,29,29,878,5.7,858,0,0.98
36:12:00,0,13,14,430,2.8,405,0,0.94
36:14:00,0,30,18,773,5,723,0,0.94
36:20:00,0,10,15,516,3.3,485,0,0.94
36:23:00,0,21,33,1288,8.3,1181,0,0.92
36:25:00,0,28,27,869,5.6,833,0,0.96
36:27:00,0,28,25,750,4.8,697,0,0.93
36:29:00,0,27,26,830,5.4,772,0,0.93
36:31:00,0,29,25,708,4.6,673,0,0.95
36:33:00,0,40,26,648,4.2,626,0,0.97
36:36:00,0,19,24,791,5.1,758,0,0.96
36:38:00,0,25,23,706,4.6,672,0,0.95
36:40:00,0,30,24,683,4.4,650,0,0.95
36:42:00,0,27,24,707,4.6,679,0,0.96
36:44:00,0,36,29,786,5.1,763,0,0.97
36:47:00,0,22,23,725,4.7,698,0,0.96
36:49:00,0,25,24,743,4.8,719,0,0.97
36:51:00,0,31,27,786,5.1,768,0,0.98
36:53:00,0,32,26,698,4.5,681,0,0.98
36:55:00,0,26,23,663,4.3,650,0,0.98
36:57:00,0,28,27,783,5.1,758,0,0.97
37:00:00,0,26,21,564,3.6,554,0,0.98
37:02:00,0,27,28,797,5.1,795,0,1
37:04:00,0,28,23,627,4,628,0,1
37:06:00,0,27,22,617,4,600,0,0.97
37:08:00,0,28,22,600,3.9,575,0,0.96
37:11:00,0,27,24,687,4.4,664,0,0.97
37:13:00,0,26,24,726,4.7,692,0,0.95
37:15:00,0,35,29,794,5.1,760,0,0.96
37:17:00,0,32,21,563,3.6,550,0,0.98
37:19:00,0,28,22,635,4.1,628,0,0.99
37:21:00,0,27,23,691,4.5,659,0,0.95
37:23:00,0,27,21,632,4.1,593,0,0.94
37:25:00,0,27,25,772,5,731,0,0.95
37:27:00,0,28,25,754,4.9,734,0,0.97
37:30:00,0,27,24,727,4.7,681,0,0.94
37:32:00,0,27,22,649,4.2,618,0,0.95
37:34:00,0,26,21,616,4,596,0,0.97
37:36:00,0,27,24,704,4.5,686,0,0.97
37:39:00,0,27,22,656,4.2,621,0,0.95
37:41:00,0,27,22,654,4.2,618,0,0.94
37:43:00,0,28,25,766,4.9,720,0,0.94
37:47:00,0,15,25,763,4.9,769,0,1.01
37:49:00,0,29,11,144,0.9,155,0,1.07
37:52:00,0,19,24,773,5,753,0,0.97
37:54:00,0,27,27,854,5.5,835,0,0.98
37:56:00,0,28,21,576,3.7,550,0,0.95
37:59:00,0,29,24,667,4.3,630,0,0.94
38:00:00,0,31,22,625,4,599,0,0.96
38:02:00,0,34,25,763,4.9,715,0,0.94
38:04:00,0,29,22,683,4.4,631,0,0.92
38:06:00,0,29,23,623,4,580,0,0.93
38:09:00,0,24,28,910,5.9,877,0,0.96
38:11:00,0,26,21,601,3.9,573,0,0.95
38:13:00,0,27,24,675,4.4,649,0,0.96
38:15:00,0,28,28,889,5.7,856,0,0.96
38:18:00,0,25,23,629,4.1,626,0,1
38:20:00,0,34,22,502,3.2,494,0,0.98
38:23:00,0,15,17,565,3.6,538,0,0.95
38:27:00,0,19,22,714,4.6,697,0,0.98
38:28:00,0,44,25,558,3.6,540,0,0.97
38:31:00,0,23,18,564,3.6,532,0,0.94
38:32:00,0,32,23,621,4,575,0,0.93
38:35:00,0,27,21,664,4.3,616,0,0.93
38:37:00,0,28,23,697,4.5,628,0,0.9
38:39:00,0,29,24,735,4.7,666,0,0.91
38:41:00,0,27,22,648,4.2,589,0,0.91
38:43:00,0,29,24,763,4.9,690,0,0.9
38:45:00,0,39,21,521,3.4,481,0,0.92
38:47:00,0,23,21,722,4.7,655,0,0.91
38:49:00,0,34,28,900,5.8,804,0,0.89
38:51:00,0,27,21,643,4.1,587,0,0.91
38:53:00,0,27,24,723,4.7,675,0,0.93
38:56:00,0,28,26,810,5.2,752,0,0.93
38:58:00,0,28,21,607,3.9,563,0,0.93
39:00:00,0,29,23,629,4.1,584,0,0.93
39:02:00,0,30,23,677,4.4,621,0,0.92
39:04:00,0,29,20,592,3.8,552,0,0.93
39:06:00,0,33,25,775,5,715,0,0.92
39:08:00,0,28,22,678,4.4,622,0,0.92
39:10:00,0,27,22,664,4.3,599,0,0.9
39:12:00,0,30,27,783,5.1,721,0,0.92
39:14:00,0,29,24,643,4.1,607,0,0.94
39:16:00,0,30,22,649,4.2,601,0,0.93
39:18:00,0,34,25,702,4.5,648,0,0.92
39:20:00,0,29,25,791,5.1,736,0,0.93
39:22:00,0,31,23,613,4,569,0,0.93
39:24:00,0,31,27,787,5.1,746,0,0.95
39:26:00,0,29,16,360,2.3,344,0,0.96
39:29:00,0,18,25,896,5.8,841,0,0.94
39:32:00,0,25,43,1346,8.7,1331,0,0.99
39:33:00,0,44,21,322,2.1,326,0,1.01
39:36:00,0,19,17,464,3,460,0,0.99
39:39:00,0,20,23,643,4.1,645,0,1
39:42:00,0,24,31,863,5.6,909,0,1.05
39:45:00,0,19,14,372,2.4,384,0,1.03
39:47:00,0,36,20,452,2.9,430,0,0.95
39:49:00,0,22,18,507,3.3,480,0,0.95
39:52:00,0,27,21,634,4.1,580,0,0.91
39:54:00,0,28,20,624,4,563,0,0.9
39:56:00,0,29,21,681,4.4,604,0,0.89
39:58:00,0,28,20,593,3.8,521,0,0.88
40:00:00,0,28,17,457,2.9,402,0,0.88
40:02:00,0,30,25,846,5.5,733,0,0.87
40:04:00,0,27,22,745,4.8,650,0,0.87
40:06:00,0,29,25,858,5.5,751,0,0.88
40:09:00,0,27,25,809,5.2,721,0,0.89
40:11:00,0,27,23,722,4.7,645,0,0.89
40:13:00,0,28,24,714,4.6,649,0,0.91
40:15:00,0,30,26,831,5.4,750,0,0.9
40:17:00,0,30,24,754,4.9,677,0,0.9
40:19:00,0,34,28,873,5.6,787,0,0.9
40:21:00,0,28,26,850,5.5,779,0,0.92
40:23:00,0,30,24,686,4.4,634,0,0.92
40:25:00,0,28,23,687,4.4,644,0,0.94
40:27:00,0,30,25,736,4.7,693,0,0.94
40:29:00,0,34,25,733,4.7,676,0,0.92
40:31:00,0,29,23,662,4.3,615,0,0.93
40:33:00,0,28,23,627,4,590,0,0.94
40:35:00,0,26,21,641,4.1,612,0,0.95
40:37:00,0,29,23,650,4.2,607,0,0.93
40:39:00,0,30,23,654,4.2,621,0,0.95
40:42:00,0,25,25,789,5.1,757,0,0.96
40:44:00,0,27,20,505,3.3,481,0,0.95
40:46:00,0,29,23,693,4.5,656,0,0.95
40:48:00,0,31,21,571,3.7,531,0,0.93
40:51:00,0,24,23,750,4.8,701,0,0.93
40:53:00,0,27,23,689,4.4,637,0,0.93
40:55:00,0,28,21,623,4,564,0,0.91
40:57:00,0,28,24,756,4.9,688,0,0.91
40:58:00,0,45,27,604,3.9,554,0,0.92
41:01:00,0,23,24,840,5.4,777,0,0.93
41:03:00,0,33,24,727,4.7,670,0,0.92
41:05:00,0,28,24,769,5,716,0,0.93
41:07:00,0,29,27,860,5.5,807,0,0.94
41:10:00,0,21,36,1068,6.9,1077,0,1.01
41:14:00,0,17,14,385,2.5,376,0,0.98
41:15:00,0,32,24,695,4.5,668,0,0.96
41:17:00,0,32,26,722,4.7,704,0,0.97
41:20:00,0,26,14,318,2.1,305,0,0.96
41:23:00,0,20,25,909,5.9,843,0,0.93
41:25:00,0,28,20,554,3.6,510,0,0.92
41:27:00,0,28,23,685,4.4,628,0,0.92
41:29:00,0,28,22,665,4.3,608,0,0.91
41:32:00,0,25,23,735,4.7,660,0,0.9
41:34:00,0,29,24,766,4.9,691,0,0.9
41:36:00,0,27,26,831,5.4,752,0,0.9
41:38:00,0,28,23,738,4.8,673,0,0.91
41:40:00,0,35,25,635,4.1,582,0,0.92
41:42:00,0,27,23,715,4.6,674,0,0.94
41:44:00,0,30,26,798,5.2,738,0,0.92
41:46:00,0,30,26,775,5,727,0,0.94
41:49:00,0,22,21,671,4.3,624,0,0.93
41:50:00,0,38,26,729,4.7,678,0,0.93
41:52:00,0,27,25,789,5.1,750,0,0.95
41:55:00,0,28,25,742,4.8,726,0,0.98
41:57:00,0,27,24,696,4.5,675,0,0.97
41:59:00,0,28,26,804,5.2,762,0,0.95
42:02:00,0,21,22,696,4.5,671,0,0.96
42:04:00,0,30,26,762,4.9,734,0,0.96
42:05:00,0,35,28,790,5.1,755,0,0.96
42:08:00,0,27,23,646,4.2,621,0,0.96
42:10:00,0,25,23,666,4.3,651,0,0.98
42:12:00,0,32,25,753,4.9,719,0,0.96
42:14:00,0,28,23,664,4.3,630,0,0.95
42:16:00,0,27,22,661,4.3,623,0,0.94
42:18:00,0,28,24,701,4.5,655,0,0.93
42:21:00,0,27,22,664,4.3,630,0,0.95
42:23:00,0,28,24,749,4.8,705,0,0.94
42:25:00,0,29,23,629,4.1,585,0,0.93
42:27:00,0,31,24,637,4.1,591,0,0.93
42:29:00,0,31,24,730,4.7,685,0,0.94
42:31:00,0,30,23,693,4.5,643,0,0.93
42:33:00,0,32,28,890,5.7,835,0,0.94
42:35:00,0,29,23,648,4.2,603,0,0.93
42:37:00,0,29,23,615,4,575,0,0.94
42:38:00,0,37,30,922,5.9,855,0,0.93
42:40:00,0,34,25,713,4.6,683,0,0.96
42:42:00,0,32,25,704,4.5,658,0,0.93
42:44:00,0,41,26,640,4.1,605,0,0.95
42:46:00,0,28,23,682,4.4,652,0,0.96
42:48:00,0,31,26,816,5.3,748,0,0.92
42:50:00,0,30,25,729,4.7,688,0,0.94
42:52:00,0,30,24,681,4.4,650,0,0.96
42:53:00,0,36,27,785,5.1,738,0,0.94
42:56:00,0,24,26,747,4.8,727,0,0.97
42:58:00,0,24,20,555,3.6,535,0,0.96
43:00:00,0,31,29,906,5.8,862,0,0.95
43:02:00,0,32,26,723,4.7,687,0,0.95
43:04:00,0,29,24,666,4.3,636,0,0.95
43:06:00,0,28,26,782,5,742,0,0.95
43:08:00,0,30,25,660,4.3,630,0,0.95
43:11:00,0,26,21,575,3.7,543,0,0.94
43:13:00,0,30,25,767,4.9,724,0,0.94
43:15:00,0,28,22,632,4.1,594,0,0.94
43:17:00,0,30,28,914,5.9,845,0,0.92
43:19:00,0,22,20,625,4,586,0,0.94
43:22:00,0,27,23,709,4.6,654,0,0.92
43:24:00,0,28,25,813,5.2,749,0,0.92
43:26:00,0,25,22,615,4,573,0,0.93
43:28:00,0,28,24,706,4.6,658,0,0.93
43:30:00,0,28,23,667,4.3,620,0,0.93
43:32:00,0,31,25,712,4.6,668,0,0.94
43:34:00,0,31,25,705,4.5,664,0,0.94
43:37:00,0,22,32,996,6.4,979,0,0.98
43:39:00,0,25,18,431,2.8,422,0,0.98
43:42:00,0,28,27,822,5.3,793,0,0.96
43:44:00,0,28,23,657,4.2,619,0,0.94
43:46:00,0,29,23,612,3.9,575,0,0.94
43:48:00,0,33,26,720,4.6,674,0,0.94
43:50:00,0,24,25,751,4.8,746,0,0.99
43:52:00,0,28,23,697,4.5,653,0,0.94
43:54:00,0,29,21,583,3.8,545,0,0.94
43:56:00,0,28,22,658,4.2,606,0,0.92
44:00:00,0,15,25,836,5.4,824,0,0.99
44:02:00,0,36,19,391,2.5,378,0,0.97
44:05:00,0,23,19,543,3.5,519,0,0.96
44:07:00,0,26,19,556,3.6,519,0,0.93
44:09:00,0,43,26,568,3.7,534,0,0.94
44:11:00,0,22,20,640,4.1,580,0,0.91
44:13:00,0,34,23,650,4.2,583,0,0.9
44:15:00,0,26,20,667,4.3,587,0,0.88
44:17:00,0,27,20,610,3.9,537,0,0.88
44:19:00,0,31,21,573,3.7,504,0,0.88
44:21:00,0,31,25,866,5.6,747,0,0.86
44:23:00,0,33,23,706,4.6,609,0,0.86
44:25:00,0,27,21,680,4.4,588,0,0.86
44:27:00,0,31,23,724,4.7,622,0,0.86
44:29:00,0,31,23,714,4.6,618,0,0.86
44:31:00,0,34,28,940,6.1,817,0,0.87
44:33:00,0,29,22,697,4.5,606,0,0.87
44:35:00,0,30,25,782,5,687,0,0.88
44:37:00,0,32,28,935,6,828,0,0.89
44:39:00,0,32,24,660,4.3,604,0,0.91
44:41:00,0,28,23,735,4.7,666,0,0.91
44:43:00,0,34,12,143,0.9,132,0,0.92
44:46:00,0,22,32,1160,7.5,1068,0,0.92
44:48:00,0,28,23,698,4.5,647,0,0.93
44:50:00,0,27,24,748,4.8,696,0,0.93
44:52:00,0,28,24,743,4.8,691,0,0.93
44:54:00,0,28,20,577,3.7,531,0,0.92
44:57:00,0,26,20,602,3.9,554,0,0.92
44:59:00,0,29,23,671,4.3,611,0,0.91
45:00:00,0,34,24,668,4.3,608,0,0.91
45:02:00,0,33,28,888,5.7,821,0,0.92
45:04:00,0,27,24,788,5.1,724,0,0.92
45:06:00,0,31,25,742,4.8,674,0,0.91
45:08:00,0,44,19,342,2.2,323,0,0.95
45:10:00,0,23,25,853,5.5,780,0,0.91
45:12:00,0,34,27,889,5.7,812,0,0.91
45:14:00,0,27,22,679,4.4,634,0,0.93
45:17:00,0,27,28,916,5.9,846,0,0.92
45:19:00,0,22,16,453,2.9,427,0,0.94
45:21:00,0,30,24,779,5,720,0,0.92
45:23:00,0,31,23,688,4.4,642,0,0.93
45:26:00,0,22,20,665,4.3,625,0,0.94
45:28:00,0,34,24,704,4.5,641,0,0.91
45:30:00,0,27,24,791,5.1,728,0,0.92
45:32:00,0,27,22,683,4.4,624,0,0.91
45:34:00,0,28,22,689,4.4,624,0,0.91
45:37:00,0,26,20,547,3.5,503,0,0.92
45:39:00,0,28,21,673,4.3,615,0,0.91
45:41:00,0,27,20,618,4,553,0,0.89
45:43:00,0,29,23,661,4.3,601,0,0.91
45:45:00,0,27,23,725,4.7,655,0,0.9
45:47:00,0,30,26,841,5.4,757,0,0.9
45:49:00,0,27,21,639,4.1,577,0,0.9
45:51:00,0,32,23,633,4.1,566,0,0.89
45:54:00,0,27,22,729,4.7,654,0,0.9
45:56:00,0,27,22,680,4.4,606,0,0.89
45:58:00,0,29,25,825,5.3,740,0,0.9
46:00:00,0,30,23,656,4.2,592,0,0.9
46:02:00,0,32,26,796,5.1,723,0,0.91
46:04:00,0,31,25,759,4.9,687,0,0.9
46:06:00,0,31,30,983,6.3,903,0,0.92
46:08:00,0,29,25,734,4.7,680,0,0.93
46:10:00,0,27,24,680,4.4,642,0,0.94
46:12:00,0,31,27,784,5.1,742,0,0.95
46:14:00,0,28,23,651,4.2,622,0,0.95
46:16:00,0,29,25,763,4.9,722,0,0.95
46:18:00,0,35,26,756,4.9,703,0,0.93
46:20:00,0,27,21,555,3.6,554,0,1
46:22:00,0,29,25,724,4.7,679,0,0.94
46:24:00,0,31,28,813,5.2,776,0,0.96
46:25:00,0,41,34,915,5.9,883,0,0.97
46:28:00,0,24,20,535,3.4,526,0,0.98
46:30:00,0,32,25,658,4.2,631,0,0.96
46:33:00,0,18,24,681,4.4,710,0,1.04
46:36:00,0,19,20,616,4,608,0,0.99
46:38:00,0,28,20,572,3.7,558,0,0.98
46:40:00,0,29,23,659,4.3,622,0,0.94
46:42:00,0,37,25,680,4.4,633,0,0.93
46:44:00,0,25,20,603,3.9,559,0,0.93
46:46:00,0,39,25,704,4.5,643,0,0.91
46:48:00,0,28,23,710,4.6,650,0,0.92
46:50:00,0,28,22,679,4.4,613,0,0.9
46:52:00,0,28,24,790,5.1,727,0,0.92
46:55:00,0,28,20,631,4.1,565,0,0.89
46:56:00,0,32,27,859,5.5,773,0,0.9
46:58:00,0,32,24,729,4.7,664,0,0.91
47:00:00,0,33,28,858,5.5,770,0,0.9
47:02:00,0,32,25,770,5,702,0,0.91
47:04:00,0,32,23,639,4.1,586,0,0.92
47:05:00,0,39,30,895,5.8,824,0,0.92
47:08:00,0,29,23,648,4.2,636,0,0.98
47:09:00,0,31,21,595,3.8,548,0,0.92
47:11:00,0,33,28,862,5.6,798,0,0.93
47:13:00,0,34,24,673,4.3,623,0,0.93
47:15:00,0,28,24,710,4.6,664,0,0.94
47:17:00,0,29,26,775,5,729,0,0.94
47:19:00,0,31,23,620,4,576,0,0.93
47:21:00,0,33,24,690,4.5,655,0,0.95
47:23:00,0,34,26,784,5.1,724,0,0.92
47:25:00,0,28,23,674,4.4,641,0,0.95
47:27:00,0,30,25,736,4.7,707,0,0.96
47:29:00,0,28,23,677,4.4,635,0,0.94
47:31:00,0,30,23,640,4.1,598,0,0.93
47:33:00,0,39,26,637,4.1,600,0,0.94
47:35:00,0,27,24,744,4.8,703,0,0.95
47:37:00,0,28,28,863,5.6,856,0,0.99
47:40:00,0,24,17,428,2.8,401,0,0.94
47:41:00,0,35,33,1061,6.8,1007,0,0.95
47:43:00,0,30,27,794,5.1,742,0,0.93
47:45:00,0,31,25,690,4.5,653,0,0.95
47:47:00,0,31,25,748,4.8,706,0,0.94
47:49:00,0,35,30,872,5.6,809,0,0.93
47:51:00,0,29,24,698,4.5,655,0,0.94
47:53:00,0,30,22,584,3.8,552,0,0.95
47:54:00,0,41,20,370,2.4,358,0,0.97
47:57:00,0,22,23,752,4.8,707,0,0.94
47:59:00,0,36,28,836,5.4,774,0,0.93
48:01:00,0,26,21,598,3.9,562,0,0.94
48:03:00,0,32,27,833,5.4,767,0,0.92
48:05:00,0,27,24,709,4.6,651,0,0.92
48:08:00,0,27,23,693,4.5,643,0,0.93
48:10:00,0,29,22,622,4,573,0,0.92
48:11:00,0,34,28,851,5.5,789,0,0.93
48:14:00,0,28,21,621,4,578,0,0.93
48:15:00,0,33,23,629,4.1,580,0,0.92
48:18:00,0,27,22,698,4.5,646,0,0.93
48:19:00,0,33,25,751,4.8,690,0,0.92
48:21:00,0,32,24,675,4.4,627,0,0.93
48:23:00,0,31,23,706,4.6,633,0,0.9
48:25:00,0,31,26,835,5.4,759,0,0.91
48:27:00,0,28,24,749,4.8,687,0,0.92
48:30:00,0,28,24,765,4.9,699,0,0.91
48:32:00,0,24,29,868,5.6,810,0,0.93
48:34:00,0,31,15,248,1.6,239,0,0.96
48:37:00,0,21,26,863,5.6,810,0,0.94
48:39:00,0,29,21,625,4,585,0,0.94
48:41:00,0,32,25,720,4.6,665,0,0.92
48:43:00,0,28,24,765,4.9,695,0,0.91
48:45:00,0,30,23,677,4.4,615,0,0.91
48:47:00,0,31,28,856,5.5,793,0,0.93
48:50:00,0,19,29,899,5.8,889,0,0.99
48:52:00,0,27,17,421,2.7,403,0,0.96
48:54:00,0,28,20,574,3.7,545,0,0.95
48:57:00,0,28,18,455,2.9,427,0,0.94
48:59:00,0,28,21,616,4,562,0,0.91
49:01:00,0,29,23,651,4.2,591,0,0.91
49:06:00,0,19,28,1009,6.5,910,0,0.9
49:08:00,0,29,27,855,5.5,765,0,0.9
49:10:00,0,27,21,606,3.9,548,0,0.9
49:12:00,0,33,26,827,5.3,751,0,0.91
49:14:00,0,28,28,922,5.9,854,0,0.93
49:16:00,0,30,27,845,5.5,777,0,0.92
49:18:00,0,34,20,484,3.1,457,0,0.94
49:20:00,0,24,19,571,3.7,532,0,0.93
49:22:00,0,34,27,788,5.1,724,0,0.92
49:24:00,0,30,26,860,5.5,795,0,0.92
49:26:00,0,31,21,538,3.5,492,0,0.91
49:28:00,0,28,21,615,4,571,0,0.93
49:30:00,0,29,22,691,4.5,623,0,0.9
49:32:00,0,30,21,590,3.8,537,0,0.91
49:34:00,0,28,25,796,5.1,726,0,0.91
49:36:00,0,28,23,710,4.6,643,0,0.9
49:38:00,0,29,23,741,4.8,662,0,0.89
49:41:00,0,23,29,986,6.4,916,0,0.93
49:43:00,0,27,25,750,4.8,707,0,0.94
49:45:00,0,27,20,538,3.5,500,0,0.93
49:48:00,0,27,20,584,3.8,548,0,0.94
49:50:00,0,29,22,666,4.3,605,0,0.91
49:52:00,0,29,21,562,3.6,518,0,0.92
49:54:00,0,30,24,726,4.7,660,0,0.91
49:56:00,0,32,26,807,5.2,735,0,0.91
49:57:00,0,34,27,825,5.3,749,0,0.91
50:00:00,0,28,24,787,5.1,725,0,0.92
50:02:00,0,30,25,748,4.8,683,0,0.91
50:04:00,0,31,24,675,4.4,620,0,0.92
50:06:00,0,30,25,739,4.8,688,0,0.93
50:07:00,0,37,27,809,5.2,744,0,0.92
50:09:00,0,27,16,325,2.1,319,0,0.98
50:12:00,0,20,25,881,5.7,809,0,0.92
50:14:00,0,29,23,688,4.4,634,0,0.92
50:17:00,0,28,23,718,4.6,669,0,0.93
50:19:00,0,22,31,975,6.3,947,0,0.97
50:21:00,0,32,23,611,3.9,588,0,0.96
50:23:00,0,27,20,563,3.6,537,0,0.95
50:26:00,0,28,20,520,3.4,481,0,0.92
50:28:00,0,32,23,649,4.2,591,0,0.91
50:29:00,0,32,21,621,4,583,0,0.94
50:32:00,0,27,20,621,4,566,0,0.91
50:33:00,0,33,24,730,4.7,645,0,0.88
50:35:00,0,32,23,703,4.5,630,0,0.9
50:37:00,0,29,22,651,4.2,572,0,0.88
50:39:00,0,31,27,882,5.7,790,0,0.9
50:41:00,0,30,26,810,5.2,734,0,0.91
50:43:00,0,39,24,632,4.1,583,0,0.92
50:45:00,0,28,22,638,4.1,595,0,0.93
50:47:00,0,29,24,753,4.9,701,0,0.93
50:50:00,0,25,25,763,4.9,716,0,0.94
50:51:00,0,32,23,662,4.3,628,0,0.95
50:54:00,0,28,21,632,4.1,596,0,0.94
50:56:00,0,30,22,610,3.9,568,0,0.93
50:58:00,0,31,24,692,4.5,645,0,0.93
50:59:00,0,40,23,604,3.9,555,0,0.92
51:02:00,0,24,23,739,4.8,680,0,0.92
51:04:00,0,22,20,687,4.4,599,0,0.87
51:06:00,0,28,24,736,4.7,648,0,0.88
51:09:00,0,27,22,699,4.5,633,0,0.91
51:11:00,0,28,23,722,4.7,653,0,0.9
51:13:00,0,30,23,707,4.6,636,0,0.9
51:15:00,0,34,25,734,4.7,654,0,0.89
51:16:00,0,32,26,779,5,708,0,0.91
51:18:00,0,36,38,1283,8.3,1176,0,0.92
51:20:00,0,31,23,617,4,578,0,0.94
51:22:00,0,30,28,862,5.6,831,0,0.96
51:24:00,0,28,22,640,4.1,606,0,0.95
51:26:00,0,35,24,659,4.3,625,0,0.95
51:29:00,0,19,32,922,5.9,984,0,1.07
51:31:00,0,29,20,485,3.1,487,0,1
51:33:00,0,28,20,510,3.3,508,0,1
51:35:00,0,28,23,678,4.4,662,0,0.98
51:38:00,0,21,19,586,3.8,560,0,0.95
51:40:00,0,43,27,643,4.1,629,0,0.98
51:42:00,0,28,20,583,3.8,547,0,0.94
51:44:00,0,28,24,779,5,723,0,0.93
51:46:00,0,31,26,784,5.1,714,0,0.91
51:48:00,0,30,25,756,4.9,697,0,0.92
51:50:00,0,37,23,655,4.2,600,0,0.92
51:52:00,0,28,20,619,4,566,0,0.91
51:54:00,0,28,21,685,4.4,625,0,0.91
51:56:00,0,30,22,685,4.4,612,0,0.89
51:58:00,0,34,21,568,3.7,514,0,0.91
52:00:00,0,24,21,710,4.6,639,0,0.9
52:02:00,0,33,24,672,4.3,592,0,0.88
52:04:00,0,27,21,682,4.4,608,0,0.89
52:06:00,0,38,27,834,5.4,723,0,0.87
52:08:00,0,27,23,787,5.1,698,0,0.89
52:10:00,0,29,24,791,5.1,706,0,0.89
52:12:00,0,31,24,714,4.6,640,0,0.9
52:16:00,0,23,33,1189,7.7,1070,0,0.9
52:18:00,0,31,27,810,5.2,748,0,0.92
52:20:00,0,36,29,912,5.9,833,0,0.91
52:22:00,0,29,23,674,4.3,626,0,0.93
52:24:00,0,26,23,701,4.5,657,0,0.94
52:26:00,0,29,22,603,3.9,556,0,0.92
52:28:00,0,29,21,523,3.4,491,0,0.94
52:30:00,0,44,22,488,3.1,460,0,0.94
52:32:00,0,22,20,691,4.5,631,0,0.91
52:34:00,0,34,21,595,3.8,534,0,0.9
52:36:00,0,28,25,839,5.4,760,0,0.91
52:38:00,0,28,21,647,4.2,582,0,0.9
52:40:00,0,32,24,729,4.7,653,0,0.9
52:42:00,0,32,23,726,4.7,663,0,0.91
52:44:00,0,35,24,695,4.5,623,0,0.9
52:46:00,0,28,22,702,4.5,638,0,0.91
52:48:00,0,29,23,713,4.6,651,0,0.91
52:50:00,0,30,22,638,4.1,583,0,0.91
52:52:00,0,33,25,790,5.1,722,0,0.91
52:54:00,0,31,23,653,4.2,583,0,0.89
52:56:00,0,33,27,828,5.3,753,0,0.91
52:58:00,0,22,24,778,5,719,0,0.92
53:00:00,0,30,24,728,4.7,670,0,0.92
53:02:00,0,35,10,68,0.4,65,0,0.95
53:05:00,0,21,31,1093,7.1,1016,0,0.93
53:07:00,0,26,24,709,4.6,661,0,0.93
53:09:00,0,31,24,677,4.4,628,0,0.93
53:11:00,0,29,24,719,4.6,672,0,0.93
53:13:00,0,31,23,670,4.3,613,0,0.92
53:15:00,0,34,26,779,5,718,0,0.92
53:17:00,0,29,21,635,4.1,587,0,0.92
53:19:00,0,29,22,633,4.1,576,0,0.91
53:21:00,0,29,22,624,4,569,0,0.91
53:23:00,0,34,23,703,4.5,636,0,0.91
53:25:00,0,30,21,650,4.2,580,0,0.89
53:27:00,0,34,25,750,4.8,673,0,0.9
53:29:00,0,28,28,952,6.1,873,0,0.92
53:31:00,0,24,16,523,3.4,473,0,0.9
53:34:00,0,25,19,698,4.5,634,0,0.91
53:36:00,0,30,26,821,5.3,745,0,0.91
53:38:00,0,26,22,725,4.7,648,0,0.89
53:40:00,0,38,25,705,4.6,638,0,0.9
53:42:00,0,22,22,765,4.9,692,0,0.9
53:44:00,0,30,24,806,5.2,711,0,0.88
53:46:00,0,28,22,730,4.7,649,0,0.89
53:48:00,0,35,31,1031,6.7,920,0,0.89
53:50:00,0,28,21,578,3.7,546,0,0.94
53:52:00,0,28,26,804,5.2,724,0,0.9
53:54:00,0,28,25,760,4.9,702,0,0.92
53:57:00,0,28,24,719,4.6,658,0,0.92
53:59:00,0,28,22,603,3.9,580,0,0.96
54:01:00,0,29,26,825,5.3,753,0,0.91
54:03:00,0,30,24,689,4.4,635,0,0.92
54:05:00,0,30,22,625,4,574,0,0.92
54:06:00,0,42,23,556,3.6,518,0,0.93
54:09:00,0,22,21,691,4.5,640,0,0.93
54:11:00,0,37,26,775,5,694,0,0.9
54:13:00,0,27,20,595,3.8,554,0,0.93
54:15:00,0,27,25,760,4.9,702,0,0.92
54:17:00,0,28,24,742,4.8,696,0,0.94
54:19:00,0,33,26,783,5.1,717,0,0.92
54:21:00,0,32,23,652,4.2,601,0,0.92
54:23:00,0,33,24,649,4.2,613,0,0.94
54:25:00,0,29,22,681,4.4,610,0,0.9
54:27:00,0,30,28,898,5.8,821,0,0.91
54:29:00,0,31,23,646,4.2,599,0,0.93
54:31:00,0,30,23,646,4.2,605,0,0.94
54:32:00,0,34,23,597,3.8,554,0,0.93
54:35:00,0,27,25,769,5,721,0,0.94
54:38:00,0,16,20,510,3.3,536,0,1.05
54:41:00,0,21,26,876,5.7,858,0,0.98
54:44:00,0,19,17,514,3.3,490,0,0.95
54:46:00,0,28,21,623,4,578,0,0.93
54:48:00,0,35,22,562,3.6,516,0,0.92
54:50:00,0,29,18,491,3.2,457,0,0.93
54:52:00,0,29,22,637,4.1,587,0,0.92
54:54:00,0,45,56,1806,11.7,1621,0,0.9
54:56:00,0,24,22,654,4.2,611,0,0.94
54:57:00,0,53,51,1581,10.2,1459,0,0.92
54:59:00,0,43,30,631,4.1,609,0,0.97
55:00:00,0,36,25,691,4.5,650,0,0.94
55:02:00,0,34,24,655,4.2,604,0,0.92
55:04:00,0,30,21,586,3.8,544,0,0.93
55:06:00,0,43,25,611,3.9,565,0,0.92
55:07:00,0,34,40,1354,8.7,1263,0,0.93
55:09:00,0,28,16,382,2.5,369,0,0.96
55:11:00,0,32,24,706,4.6,631,0,0.89
55:13:00,0,30,25,831,5.4,738,0,0.89
55:15:00,0,35,26,782,5,697,0,0.89
55:17:00,0,30,21,650,4.2,573,0,0.88
55:19:00,0,38,35,1186,7.7,1033,0,0.87
55:21:00,0,27,19,558,3.6,486,0,0.87
55:23:00,0,29,21,696,4.5,595,0,0.85
55:25:00,0,29,22,701,4.5,594,0,0.85
55:27:00,0,30,28,1063,6.9,894,0,0.84
55:29:00,0,30,23,685,4.4,583,0,0.85
55:31:00,0,35,29,992,6.4,836,0,0.84
55:33:00,0,27,42,1376,8.9,1251,0,0.91
55:35:00,0,27,25,743,4.8,669,0,0.9
55:37:00,0,30,12,160,1,148,0,0.93
55:40:00,0,22,30,1073,6.9,980,0,0.91
55:42:00,0,27,23,708,4.6,643,0,0.91
55:44:00,0,28,24,792,5.1,712,0,0.9
55:46:00,0,28,22,666,4.3,606,0,0.91
55:48:00,0,28,21,617,4,552,0,0.89
55:51:00,0,22,32,1119,7.2,1040,0,0.93
55:53:00,0,28,21,619,4,572,0,0.93
55:55:00,0,31,23,647,4.2,599,0,0.93
55:57:00,0,27,22,710,4.6,643,0,0.91
55:59:00,0,41,22,470,3,436,0,0.93
56:02:00,0,22,19,620,4,564,0,0.91
56:04:00,0,27,22,677,4.4,610,0,0.9
56:06:00,0,28,20,606,3.9,540,0,0.89
56:08:00,0,29,23,727,4.7,647,0,0.89
56:10:00,0,29,23,745,4.8,659,0,0.88
56:12:00,0,38,25,716,4.6,636,0,0.89
56:15:00,0,18,18,624,4,555,0,0.89
56:17:00,0,29,30,1032,6.7,951,0,0.92
56:19:00,0,28,25,826,5.3,756,0,0.92
56:22:00,0,20,24,817,5.3,771,0,0.94
56:24:00,0,29,26,783,5.1,739,0,0.94
56:29:00,0,18,26,873,5.6,823,0,0.94
56:31:00,0,28,22,610,3.9,555,0,0.91
56:34:00,0,26,20,595,3.8,534,0,0.9
56:36:00,0,27,23,726,4.7,662,0,0.91
56:38:00,0,28,20,604,3.9,548,0,0.91
56:40:00,0,27,23,763,4.9,677,0,0.89
56:42:00,0,31,24,685,4.4,613,0,0.9
56:44:00,0,32,27,855,5.5,768,0,0.9
56:46:00,0,30,23,696,4.5,624,0,0.9
56:48:00,0,30,25,751,4.8,681,0,0.91
56:50:00,0,34,27,763,4.9,706,0,0.93
56:52:00,0,28,23,651,4.2,607,0,0.93
56:54:00,0,30,23,657,4.2,611,0,0.93
56:56:00,0,30,23,631,4.1,590,0,0.94
56:58:00,0,31,25,700,4.5,662,0,0.95
57:00:00,0,28,20,518,3.3,483,0,0.93
57:02:00,0,36,22,558,3.6,521,0,0.93
57:05:00,0,21,19,594,3.8,551,0,0.93
57:07:00,0,30,22,620,4,572,0,0.92
57:09:00,0,30,24,729,4.7,667,0,0.91
57:10:00,0,37,25,734,4.7,669,0,0.91
57:13:00,0,28,25,787,5.1,724,0,0.92
57:14:00,0,30,21,562,3.6,518,0,0.92
57:17:00,0,29,23,647,4.2,582,0,0.9
57:19:00,0,30,20,513,3.3,461,0,0.9
57:20:00,0,34,10,81,0.5,78,0,0.95
57:23:00,0,22,26,981,6.3,876,0,0.89
57:25:00,0,28,22,682,4.4,602,0,0.88
57:27:00,0,29,25,776,5,702,0,0.9
57:29:00,0,31,25,794,5.1,703,0,0.89
57:31:00,0,31,26,775,5,699,0,0.9
57:33:00,0,31,25,737,4.8,670,0,0.91
57:35:00,0,32,27,795,5.1,726,0,0.91
57:37:00,0,33,25,712,4.6,677,0,0.95
57:39:00,0,29,24,703,4.5,660,0,0.94
57:41:00,0,30,25,714,4.6,678,0,0.95
57:43:00,0,30,26,742,4.8,704,0,0.95
57:45:00,0,31,24,680,4.4,656,0,0.96
57:47:00,0,28,29,870,5.6,839,0,0.96
57:48:00,0,41,24,560,3.6,541,0,0.97
57:51:00,0,24,21,589,3.8,565,0,0.96
57:53:00,0,34,25,687,4.4,643,0,0.94
57:55:00,0,28,19,488,3.1,477,0,0.98
57:57:00,0,28,21,601,3.9,570,0,0.95
57:59:00,0,28,22,599,3.9,562,0,0.94
58:01:00,0,28,21,595,3.8,554,0,0.93
58:03:00,0,28,23,658,4.2,617,0,0.94
58:08:00,0,14,23,670,4.3,674,0,1.01
58:10:00,0,27,19,484,3.1,480,0,0.99
58:12:00,0,25,15,345,2.2,338,0,0.98
58:15:00,0,21,21,629,4.1,596,0,0.95
58:17:00,0,26,20,537,3.5,498,0,0.93
58:19:00,0,36,23,609,3.9,561,0,0.92
58:22:00,0,23,19,619,4,557,0,0.9
58:24:00,0,27,20,588,3.8,523,0,0.89
58:26:00,0,28,19,559,3.6,501,0,0.9
58:28:00,0,29,21,675,4.4,607,0,0.9
58:30:00,0,34,20,510,3.3,463,0,0.91
58:33:00,0,23,21,661,4.3,594,0,0.9
58:34:00,0,32,24,694,4.5,627,0,0.9
58:36:00,0,32,24,743,4.8,664,0,0.89
58:38:00,0,37,23,575,3.7,517,0,0.9
58:41:00,0,22,19,590,3.8,531,0,0.9
58:42:00,0,37,24,648,4.2,578,0,0.89
58:44:00,0,28,19,524,3.4,473,0,0.9
58:47:00,0,28,20,552,3.6,499,0,0.9
58:49:00,0,27,21,636,4.1,568,0,0.89
58:51:00,0,27,20,595,3.8,542,0,0.91
58:53:00,0,28,22,688,4.4,608,0,0.88
58:55:00,0,27,19,538,3.5,486,0,0.9
58:58:00,0,28,18,525,3.4,457,0,0.87
59:00:00,0,28,22,731,4.7,640,0,0.88
59:02:00,0,27,19,527,3.4,459,0,0.87
59:04:00,0,29,20,588,3.8,514,0,0.87
59:06:00,0,26,19,586,3.8,511,0,0.87
59:09:00,0,27,19,574,3.7,494,0,0.86
59:11:00,0,27,20,599,3.9,509,0,0.85
59:13:00,0,27,20,633,4.1,540,0,0.85
59:15:00,0,27,21,623,4,528,0,0.85
59:17:00,0,27,21,677,4.4,578,0,0.85
59:19:00,0,29,23,727,4.7,626,0,0.86
59:22:00,0,25,24,740,4.8,658,0,0.89
59:24:00,0,28,24,728,4.7,642,0,0.88
59:26:00,0,26,20,575,3.7,511,0,0.89
59:28:00,0,27,21,601,3.9,545,0,0.91
59:30:00,0,29,20,574,3.7,523,0,0.91
59:33:00,0,23,19,535,3.5,496,0,0.93
59:35:00,0,32,23,682,4.4,628,0,0.92
59:37:00,0,27,20,574,3.7,519,0,0.9
59:39:00,0,27,20,592,3.8,526,0,0.89
59:42:00,0,27,20,558,3.6,488,0,0.87
59:44:00,0,30,21,635,4.1,566,0,0.89
59:46:00,0,30,22,619,4,536,0,0.87
59:48:00,0,29,20,556,3.6,475,0,0.85
59:50:00,0,31,20,567,3.7,493,0,0.87
59:52:00,0,26,19,566,3.7,493,0,0.87
59:54:00,0,30,20,588,3.8,500,0,0.85
59:56:00,0,31,25,807,5.2,700,0,0.87
59:58:00,0,29,20,598,3.9,516,0,0.86
1:00:00,0,33,24,780,5,670,0,0.86
1:00:02,0,28,20,605,3.9,516,0,0.85
1:00:04,0,36,26,788,5.1,677,0,0.86
1:00:05,0,36,22,548,3.5,477,0,0.87
1:00:07,0,28,25,826,5.3,730,0,0.88
1:00:09,0,30,28,903,5.8,824,0,0.91
1:00:11,0,33,25,716,4.6,653,0,0.91
1:00:13,0,38,28,760,4.9,690,0,0.91
1:00:15,0,30,24,667,4.3,625,0,0.94
1:00:17,0,33,23,637,4.1,578,0,0.91
1:00:18,0,37,26,704,4.5,642,0,0.91
1:00:20,0,28,17,421,2.7,415,0,0.98
1:00:22,0,30,23,661,4.3,593,0,0.9
1:00:24,0,32,22,585,3.8,530,0,0.91
1:00:26,0,37,22,547,3.5,502,0,0.92
1:00:28,0,28,18,497,3.2,450,0,0.9
1:00:30,0,27,16,448,2.9,399,0,0.89
1:00:33,0,22,14,383,2.5,339,0,0.89
1:00:36,0,23,27,1008,6.5,889,0,0.88
1:00:38,0,28,21,677,4.4,586,0,0.87
1:00:40,0,28,26,797,5.1,701,0,0.88
1:00:41,0,36,22,576,3.7,505,0,0.88
1:00:44,0,23,20,622,4,559,0,0.9
1:00:46,0,28,18,487,3.1,437,0,0.9
1:00:48,0,28,20,604,3.9,530,0,0.88
1:00:51,0,29,23,705,4.5,629,0,0.89
1:00:53,0,29,22,667,4.3,584,0,0.88
1:00:55,0,27,20,567,3.7,499,0,0.88
1:00:57,0,29,21,633,4.1,552,0,0.87
1:00:59,0,26,20,624,4,559,0,0.9
1:01:01,0,28,18,506,3.3,461,0,0.91
1:01:04,0,22,42,1290,8.3,1214,0,0.94
1:01:09,0,22,20,480,3.1,474,0,0.99
1:01:11,0,26,21,518,3.3,522,0,1.01
1:01:14,0,18,11,253,1.6,250,0,0.99